flight,deptime航班起飞的当地时间,depoff,arrtime,arroff,origin起飞机场,destination到达机场,,航班人数,flight,销售量,B,G,H,K,L,M,Q,S,T,V,Y
AA0001,755,-400,1038,-700,EDB,TFB,,235.3,AA0001EDBTFB,235.3,8.03,4.43,8.96,10.46,70.5,11.51,6.54,3.37,12.67,32.38,66.45
AA0002,1405,-700,2159,-400,TFB,EDB,,154.43,AA0002TFBEDB,154.43,4.45,3.56,15.02,1.73,44.61,7.83,11.98,1.21,0.71,42.85,20.48
AA0003,1740,-400,2025,-700,EDB,TFB,,146.05,AA0003EDBTFB,146.05,4.33,5.63,17.01,13.79,15.31,8.24,28.76,0.7,2.97,21.98,27.33
AA0004,840,-700,1640,-400,TFB,EDB,,233.91,AA0004TFBEDB,233.91,48.68,3.3,3.97,3.3,26.14,13.27,11.7,22.43,3.3,17.45,80.37
AA0005,910,-400,1202,-700,EDB,MBY,,197.51,AA0005EDBMBY,197.51,0.03,59.57,11.41,11.52,13.69,0.69,11.01,0,35.34,46.76,7.49
AA0006,1305,-700,2059,-400,MBY,EDB,,160.05,AA0006MBYEDB,160.05,0,50.07,13.6,24.28,7.84,2.61,6.42,0.33,8.58,36.28,10.04
AA0007,1820,-400,2130,-700,FXS,TFB,,144.74,AA0007FXSTFB,144.74,3.22,37.19,2.92,17.54,8.79,0,7.78,1.02,26.69,36.83,2.76
AA0008,905,-700,1718,-400,TFB,FXS,,229.76,AA0008TFBFXS,229.76,11.36,69.86,8.51,23.11,10.8,2.81,15,0,21.94,44.07,22.3
AA0011,725,-400,1022,-700,FXS,TFB,,163.9,AA0011FXSTFB,163.9,9.15,17.74,3.96,11.05,18.41,4.98,6.03,3.06,49.46,34.89,5.17
AA0012,900,-700,1725,-400,TFB,CPT,,226.14,AA0012TFBCPT,226.14,12.73,2.51,8.18,51.89,43.18,15.84,15.13,0.28,2.54,57.57,16.29
AA0014,1515,-700,2322,-400,TFB,FXS,,87.18,AA0014TFBFXS,87.18,7.12,3.83,1.83,2.53,15.73,0.25,0.81,0.25,43.8,7.32,3.71
AA0015,1825,-400,2137,-700,CPT,TFB,,205.36,AA0015CPTTFB,205.36,2.62,47.8,4.33,40.98,6.87,9.85,1.95,0,44.31,37.56,9.09
AA0016,2215,-700,655,-400,TFB,NJB,,142.17,AA0016TFBNJB,142.17,1.25,29.9,2.33,37.51,7.71,0.77,2.94,3.99,47.26,6.62,1.89
AA0017,810,-400,1144,-700,NJB,TFB,,210.45,AA0017NJBTFB,210.45,21.75,8.92,23.08,26.59,33.96,7.98,26.07,6.08,25.86,19.45,10.71
AA0018,845,-700,1714,-400,TFB,NDP,,181.76,AA0018TFBNDP,181.76,1.41,52.62,12.2,46.91,18.3,16.82,6.04,3.73,2.6,1.34,19.79
AA0019,1815,-400,2135,-700,NDP,TFB,,145.66,AA0019NDPTFB,145.66,0.72,50.1,8.33,28.89,8.82,13.08,11.91,3.38,3.6,0.95,15.88
AA0020,840,-700,1438,-500,TFB,PSE,,258.42,AA0020TFBPSE,258.42,3.13,13.42,8.94,74.53,48.99,7.44,14.29,0.79,5.96,69.97,10.96
AA0021,800,-500,1030,-700,PSE,TFB,,284.24,AA0021PSETFB,284.24,3.31,66.58,17.69,23.17,59.02,7.37,6.23,0.24,22.09,67.91,10.63
AA0022,1245,-700,1843,-500,TFB,PSE,,152.41,AA0022TFBPSE,152.41,2.26,28.09,5.89,40.76,10.85,0.65,10.77,0,8.23,38.68,6.23
AA0023,1535,-500,1802,-700,PSE,TFB,,246.3,AA0023PSETFB,246.3,4.53,7.99,12.64,40.45,43.94,11.74,27.79,3.76,9.41,75.33,8.72
AA0024,2220,-700,645,-400,TFB,CPT,,97.8,AA0024TFBCPT,97.8,0.97,7.52,0.57,5.23,0.64,4.65,0.31,5.13,61.18,9.39,2.21
AA0025,800,-400,1111,-700,CPT,TFB,,209.99,AA0025CPTTFB,209.99,1.95,56.87,9.67,37.13,36.86,7.65,2.75,0,37.16,7.68,12.27
AA0026,1800,-700,2349,-500,TFB,PSE,,69.76,AA0026TFBPSE,69.76,3.22,6.9,0.32,12.48,4.41,0,9.19,0.28,22.97,7.82,2.17
AA0029,1940,-500,2206,-700,PSE,TFB,,201.55,AA0029PSETFB,201.55,3.09,59.94,9.75,20.3,6.23,3.06,10.29,0.25,34.1,47.94,6.6
AA0030,730,-700,1550,-400,QEY,CPT,,198.82,AA0030QEYCPT,198.82,4.55,69.77,16.7,36.55,10.97,6.44,5.29,2.58,29.71,10.86,5.4
AA0035,1650,-400,2011,-700,CPT,QEY,,167,AA0035CPTQEY,167,1.19,48.29,4.56,17.69,13.99,1.07,3.05,0.32,61.8,11.45,3.59
AA0036,705,-700,1222,-500,TFB,NTQ,,211.51,AA0036TFBNTQ,211.51,0.62,80.75,14.34,20.02,6.61,4.19,11.19,6.3,61.78,2.65,3.06
AA0037,1315,-500,1452,-700,NTQ,TFB,,186.78,AA0037NTQTFB,186.78,0.29,51.28,8.06,19.2,19.05,3.27,15.54,0.39,56.8,10.45,2.45
AA0038,1240,-700,1759,-500,TFB,NTQ,,210.58,AA0038TFBNTQ,210.58,0.38,81.95,10.73,19.23,2.45,4.91,3.21,5.4,73.36,6.56,2.4
AA0039,1850,-500,2026,-700,NTQ,TFB,,191.89,AA0039NTQTFB,191.89,0.69,68.38,5.52,25.97,0.94,1.97,6.58,2.21,65.92,8.32,5.39
AA0040,1653,-800,1747,-800,BER,BOD,,35.47,AA0040BERBOD,35.47,2.29,2.07,0.99,0,13.12,3.67,2.67,0,0.99,3.37,6.3
AA0041,640,-800,753,-800,BOD,CFU,,61.36,AA0041BODCFU,61.36,4.35,0.33,15.17,1.67,11.68,6.55,2.67,0,0.7,0.66,17.58
AA0042,844,-800,953,-800,CFU,BOD,,18.59,AA0042CFUBOD,18.59,0,0,3.99,1.3,6.06,2,0.33,0,0.14,1,3.77
AA0043,1222,-800,1335,-800,BOD,CFU,,98.64,AA0043BODCFU,98.64,1.54,0.03,13.31,0.03,30.41,10.58,16.75,0,0.05,0.03,25.91
AA0044,1426,-800,1536,-800,CFU,BOD,,62.57,AA0044CFUBOD,62.57,10,0,4.73,0.33,2.32,4,2.87,0,0,0,38.32
AA0045,1842,-800,1954,-800,BOD,CFU,,44.89,AA0045BODCFU,44.89,3.09,0.71,5.04,0,11.95,8.17,1,0,1.97,1.77,11.19
AA0046,2044,-800,2150,-800,CFU,BOD,,37.63,AA0046CFUBOD,37.63,5.33,0,3.33,1.66,6.65,3.67,2.67,0,0.33,0,13.99
AA0047,630,-800,728,-800,BOD,BER,,40.31,AA0047BODBER,40.31,4.66,0,0.33,0.67,10.98,2.33,3.33,0,1,1,16.01
AA0048,822,-800,913,-800,BER,BOD,,41.53,AA0048BERBOD,41.53,1.69,0,1.16,0,19.96,11.1,1,0,0.66,0.66,5.3
AA0049,1507,-800,1604,-800,BOD,BER,,31.99,AA0049BODBER,31.99,1.72,0.04,0.36,0.34,12.14,3.06,2.96,0,0.37,1.17,9.83
AA0051,1810,-800,1937,-800,GBJ,CSX,,102.03,AA0051GBJCSX,9.17,0,0,0.38,0,0.93,2.33,1.54,0,0,0,3.99
AA0051,1635,-800,1730,-800,BOD,GBJ,,102.03,AA0051BODGBJ,43.09,0,10,10.03,0.48,7.13,0.51,3.95,0,0.01,0,10.98
AA0052,2220,-800,2313,-800,GBJ,BOD,,68.31,AA0052GBJBOD,30.54,0,11.78,3.96,1.97,2.65,0,2.9,0,1.3,2.32,3.66
AA0052,2022,-800,2140,-800,CSX,GBJ,,68.31,AA0052CSXGBJ,15.32,0,0,2.66,0,4.67,1,1.33,0,0,0,5.66
AA0053,1437,-800,1620,-800,BOD,TDD,,51.92,AA0053BODTDD,51.92,0.01,0.09,0.01,0.01,0.01,0.58,0.01,24,0.09,0.01,27.1
AA0054,1705,-800,1847,-800,TDD,BOD,,67.61,AA0054TDDBOD,67.61,0,0,0.67,0,0,0,0,32.28,0,0,34.66
AA0055,1114,-800,1306,-800,CSX,BOD,,270.3,AA0055CSXBOD,38.67,0.39,2.01,2.48,0.99,5.33,4.48,2.33,0,1.67,0.33,18.66
AA0055,745,-800,855,-800,GBJ,TDD,,270.3,AA0055GBJTDD,9.86,4.15,0,0,0,0,0,0,0,0,0,5.71
AA0055,940,-800,1029,-800,TDD,CSX,,270.3,AA0055TDDCSX,1.02,0,0,0,0,0,0,0,0,0,0,1.02
AA0055,605,-800,704,-800,BOD,GBJ,,270.3,AA0055BODGBJ,45.19,0,2.87,3.16,2.94,15.51,0.63,2.25,0.32,0,2.29,15.22
AA0056,1520,-800,1842,-700,KOV,TFB,,25.99,AA0056KOVTFB,25.99,1,0,0,2,3.99,0,6,1,0,9,3
AA0059,1300,-700,1425,-800,TFB,KOV,,60.11,AA0059TFBKOV,60.11,1.13,1.98,1.88,8.94,4,1.86,14.71,0.89,0.98,8.45,15.29
AA0060,900,-800,1153,-700,LUO,TFB,,131.98,AA0060LUOTFB,44.39,0,3.35,3.5,1.33,13.66,0.33,1.84,0,2.34,11.06,6.98
AA0060,715,-800,813,-800,KOV,LUO,,131.98,AA0060KOVLUO,58.32,0,0,9.37,0.33,8.28,5.34,4.64,0,0,1.67,28.69
AA0061,1018,-800,1115,-800,KOV,ZBL,,131.49,AA0061KOVZBL,19.3,0,0.21,2.94,0.21,5.82,1.67,1.74,0,0.21,0.17,6.33
AA0061,755,-700,925,-800,TFB,KOV,,131.49,AA0061TFBKOV,59.58,2.09,1.24,2.86,1.34,6.68,6.12,26.05,2.73,0.79,1.97,7.71
AA0061,1157,-800,1243,-800,ZBL,DEW,,131.49,AA0061ZBLDEW,0,0,0,0,0,0,0,0,0,0,0,0
AA0061,1325,-800,1410,-800,DEW,BOD,,131.49,AA0061DEWBOD,15.34,0,0.33,0,2.33,1.99,0,0,0,2.67,2.34,5.68
AA0062,805,-800,948,-800,BOD,KOV,,443.26,AA0062BODKOV,119.65,0,0.12,17.19,1.81,21.73,11.66,0.99,0,10.89,25.42,29.84
AA0062,600,-800,701,-800,GBJ,BOD,,443.26,AA0062GBJBOD,86.75,0,8.06,8.19,6.81,4.28,0,5.37,0.65,41.12,0.11,12.16
AA0062,1030,-800,1110,-800,KOV,TJU,,443.26,AA0062KOVTJU,26.43,0,0.01,3.77,0,3.31,0.51,0.85,0,0.01,3.74,14.23
AA0062,1327,-800,1620,-700,LUO,TFB,,443.26,AA0062LUOTFB,43.28,1.34,0,2.66,11.66,10.06,0.66,2.06,0,0.33,8.86,5.65
AA0062,1154,-800,1246,-800,TJU,LUO,,443.26,AA0062TJULUO,3.64,0,0,0,0,1,0.33,0.66,0,0,0,1.65
AA0064,1357,-800,1443,-800,KOV,QTH,,182.35,AA0064KOVQTH,20.67,0,0.17,2.01,0,1.16,0.34,3.71,0,0.18,7.12,5.98
AA0064,1750,-800,2043,-700,LUO,TFB,,182.35,AA0064LUOTFB,19.77,2,1.06,0.67,0.51,5.99,0,0.33,0,1.73,0.82,6.66
AA0064,1523,-800,1547,-800,QTH,XSH,,182.35,AA0064QTHXSH,0.33,0,0,0,0,0,0,0.33,0,0,0,0
AA0064,1630,-800,1706,-800,XSH,LUO,,182.35,AA0064XSHLUO,2.66,0,0,0.33,0,0,0,0,0,0,0.67,1.66
AA0064,1130,-800,1312,-800,BOD,KOV,,182.35,AA0064BODKOV,73.09,0,1.81,7.33,4.31,2.49,11.94,1.63,0,5.71,15.84,22.03
AA0065,1245,-800,1427,-800,KOV,BOD,,199.07,AA0065KOVBOD,62.02,0,0,6.62,0,13.78,5.93,0.66,0,7.05,17,10.98
AA0065,847,-800,928,-800,LUO,XSH,,199.07,AA0065LUOXSH,6.32,0,0,1.67,0,0,0,0,0,0,0.33,4.32
AA0065,1120,-800,1158,-800,QTH,KOV,,199.07,AA0065QTHKOV,12.38,1.73,0,0.99,0.33,1.32,0,0.33,0,0.04,3.66,3.98
AA0065,700,-700,802,-800,TFB,LUO,,199.07,AA0065TFBLUO,35.05,3.66,0,10.02,0.32,13.92,0,0.25,0,0.33,0.86,5.69
AA0065,1013,-800,1036,-800,XSH,QTH,,199.07,AA0065XSHQTH,0.33,0,0,0.33,0,0,0,0,0,0,0,0
AA0066,1528,-800,1620,-800,BOD,DEW,,105.45,AA0066BODDEW,34.77,0,1.12,0,4.42,1.41,2.35,2.81,0,0.81,11.53,10.32
AA0066,1700,-800,1750,-800,DEW,ZBL,,105.45,AA0066DEWZBL,0.33,0,0,0,0,0,0,0,0,0,0,0.33
AA0066,2000,-800,2319,-700,KOV,TFB,,105.45,AA0066KOVTFB,22.51,0,1.32,0.66,1.98,1.98,1.66,5.66,0.99,2.32,2.66,3.28
AA0066,1830,-800,1915,-800,ZBL,KOV,,105.45,AA0066ZBLKOV,10.28,0,0,1.66,0,0.33,0.66,1,0,1.99,0.66,3.98
AA0067,1642,-800,1733,-800,LUO,TJU,,307.87,AA0067LUOTJU,12.04,0,0,1.79,0,3.99,1.97,0.33,0,0,0,3.96
AA0067,1500,-700,1558,-800,TFB,LUO,,307.87,AA0067TFBLUO,75.14,3.11,6.09,2.7,7.48,23.5,0.1,0.1,2.44,0.26,21.53,7.83
AA0067,1815,-800,1853,-800,TJU,KOV,,307.87,AA0067TJUKOV,19.62,0,0,1.99,0,1.66,0,1.67,0,0,3.32,10.98
AA0067,1945,-800,2123,-800,KOV,BOD,,307.87,AA0067KOVBOD,61.58,0,0.66,9.99,0.33,9.64,5.33,1,0,4.66,19.31,10.66
AA0069,1850,-700,1949,-800,TFB,LUO,,84.33,AA0069TFBLUO,37.09,1.35,2.87,2.57,0.82,13.28,0.97,0.9,0,2.15,8.94,3.24
AA0069,2022,-800,2118,-800,LUO,KOV,,84.33,AA0069LUOKOV,17.58,0,0,1.33,0,2,3,0.99,0,0,0,10.26
AA0070,1950,-800,2134,-800,BOD,KOV,,104.66,AA0070BODKOV,67.1,0.31,0,11.82,0,11.51,7.39,0,0,5.02,13.55,17.5
AA0070,2215,-800,2254,-800,KOV,TJU,,104.66,AA0070KOVTJU,14.32,0,0,1.57,0,1.81,0,2.61,0,0,2.94,5.39
AA0072,800,-800,1118,-700,KOV,TFB,,109.42,AA0072KOVTFB,109.42,4.27,6.7,6.71,9.65,24.69,3,22.14,0,9.75,9.08,13.43
AA0073,600,-800,641,-800,TJU,KOV,,117.62,AA0073TJUKOV,29.24,0.38,0.02,2.99,0.68,7.99,0.33,2.74,0,1.02,3.92,9.17
AA0073,730,-800,909,-800,KOV,BOD,,117.62,AA0073KOVBOD,69.48,0.33,0,11.09,1.34,12.81,10.11,2.55,0,1.33,17.65,12.27
AA0075,1105,-700,1230,-800,TFB,KOV,,105.81,AA0075TFBKOV,105.81,2.69,0.39,7.35,7.01,15.54,5.26,27.14,1.37,8.66,15.06,15.34
AA0076,1325,-800,1645,-700,KOV,TFB,,56.14,AA0076KOVTFB,56.14,1.05,0.33,3.32,1.66,8.4,4.2,17.66,1.46,1.25,8.02,8.79
AA0079,2015,-700,2144,-800,TFB,KOV,,77.57,AA0079TFBKOV,77.57,0.34,11.79,3.7,5.5,9.81,4.67,18.19,4.32,4.54,4.86,9.85
AA0080,1030,-800,1455,-700,BOD,TFB,,60.14,AA0080BODTFB,60.14,1.64,11.22,3.92,5.3,3.67,2.64,7.31,1.95,14.63,3.13,4.73
AA0081,600,-700,831,-800,TFB,BOD,,100.88,AA0081TFBBOD,100.88,1.62,0.56,12.46,2.47,2.55,5.38,6.36,4.44,4.47,40.39,20.18
AA0082,930,-800,1354,-700,BOD,TFB,,77.27,AA0082BODTFB,77.27,1.56,17.85,4.31,9.17,4.02,3.27,10.31,3.94,13.27,2.73,6.84
AA0083,800,-700,1030,-800,TFB,BOD,,197.48,AA0083TFBBOD,197.48,1.27,2.71,19.59,2.12,3.79,18.69,65.1,10.79,51.05,1.4,20.97
AA0084,1130,-800,1550,-700,BOD,TFB,,80.64,AA0084BODTFB,80.64,0.88,11.55,8.7,9.58,8,3.46,14.32,3.91,8.09,5.12,7.03
AA0086,1700,-800,2125,-700,BOD,TFB,,53.25,AA0086BODTFB,53.25,1.99,12.88,2.92,4.74,2.94,1.97,1.98,5.85,10.12,2,5.86
AA0087,1000,-700,1222,-800,TFB,BOD,,123.58,AA0087TFBBOD,123.58,1.71,3.53,37.91,2.3,3.13,8.08,40.65,5.81,4.18,2.58,13.7
AA0089,1100,-700,1330,-800,TFB,BOD,,106.47,AA0089TFBBOD,106.47,1.98,3.21,20.97,9.39,2.54,13.72,16.08,7.29,2.35,5.31,23.63
AA0090,1530,-800,1954,-700,BOD,TFB,,50.13,AA0090BODTFB,50.13,0.32,7.47,2.9,2.78,4.31,2.86,2.98,0.96,6.82,9.9,8.83
AA0092,1430,-800,1850,-700,BOD,TFB,,101.02,AA0092BODTFB,101.02,4.84,10.37,14.66,7.18,5.81,7.19,12.12,3.9,16.13,8.67,10.15
AA0093,1445,-700,1720,-800,TFB,BOD,,90.58,AA0093TFBBOD,90.58,0.72,4.05,13.55,7.59,4.26,4.84,25.79,2.44,4.56,17.58,5.2
AA0094,1810,-800,2235,-700,BOD,TFB,,46.83,AA0094BODTFB,46.83,0.97,2.46,1,0,0,1.44,0.49,1.47,1.97,36.11,0.92
AA0095,1730,-700,2001,-800,TFB,BOD,,32.81,AA0095TFBBOD,32.81,0,11.93,1.69,2.27,0.92,1.68,7.93,1.58,1.42,0.71,2.68
AA0096,1000,-800,1425,-700,BOD,TFB,,72.56,AA0096BODTFB,72.56,0.5,23.53,8.07,3.67,2.09,1.96,5.48,3.93,18.7,2.36,2.27
AA0097,1205,-700,1434,-800,TFB,BOD,,137.22,AA0097TFBBOD,137.22,0.81,6.09,32.83,12.6,10.81,11,26.92,5.26,6.72,10.3,13.88
AA0098,1630,-800,2052,-700,BOD,TFB,,50.89,AA0098BODTFB,50.89,1.97,9,2.24,4.67,2.4,4.6,4.66,6.18,9.7,1.04,4.43
AA0099,1315,-700,1542,-800,TFB,BOD,,113.62,AA0099TFBBOD,113.62,2.32,5.59,29.06,11.28,3,12.64,20.4,3.43,3.78,9.8,12.32
AA0101,1545,-700,1817,-800,TFB,BOD,,67.28,AA0101TFBBOD,67.28,0.63,18.77,5.91,5.69,0.23,4,18.52,3.5,3.56,2.54,3.93
AA0103,2125,-700,2356,-800,TFB,BOD,,59.66,AA0103TFBBOD,59.66,0,7.08,1.72,7.03,5.98,1.12,3.39,0.76,2.3,27.84,2.44
AA0104,1912,-800,2329,-700,BOD,TFB,,34.4,AA0104BODTFB,34.4,0.33,0,0.99,2.66,0,2.3,0.34,1.62,0.33,23.54,2.29
AA0106,2120,-800,142,-700,BOD,TFB,,21.91,AA0106BODTFB,21.91,0.33,0.66,1.32,0.65,0,2.28,2.65,7.45,0.99,0,5.58
AA0107,2015,-700,2245,-800,TFB,BOD,,47.34,AA0107TFBBOD,47.34,0.3,10.24,2.52,3.93,2.02,3.39,10.97,1.98,5.69,3.5,2.8
AA0108,30,-800,459,-700,BOD,TFB,,82.52,AA0108BODTFB,82.52,0.33,10.91,13.69,13.18,4.03,4.35,5.85,0.99,12.87,8.97,7.35
AA0109,1855,-700,2123,-800,TFB,BOD,,63.14,AA0109TFBBOD,63.14,0.41,8.79,2.79,7.55,5.54,6.11,12.38,1.91,9.83,0.6,7.23
AA0111,2055,-700,2329,-800,TFB,BOD,,27.73,AA0111TFBBOD,27.73,0,6.55,0.75,1.56,2.41,2.46,0.96,1.13,8.02,0,3.89
AA0112,130,-800,555,-700,BOD,TFB,,66.29,AA0112BODTFB,66.29,1.73,10.48,3.26,9.4,6.95,2.6,4.74,1.41,11.79,8.05,5.88
AA0114,230,-800,650,-700,BOD,TFB,,55.5,AA0114BODTFB,55.5,2.66,8.16,2.99,7.26,6.19,2.56,2.34,0.62,13.35,4.57,4.8
AA0117,700,-700,935,-800,TFB,BOD,,59.77,AA0117TFBBOD,59.77,0,0,0,0,1.95,0,4.45,0,4.23,43.65,5.49
AA0119,1630,-700,1901,-800,TFB,BOD,,91.93,AA0119TFBBOD,91.93,0.99,25.3,2.34,8.19,2.61,4.38,13.6,5.24,17.6,4.99,6.69
AA0120,720,-800,1145,-700,BOD,TFB,,182.48,AA0120BODTFB,182.48,2.55,37.32,11.01,25.56,21.85,7.44,16.92,4,22.21,22.02,11.6
AA0121,2345,-700,217,-800,TFB,BOD,,47.96,AA0121TFBBOD,47.96,0.33,16.08,1.59,1.85,3.76,0.97,6.28,0.3,9.12,2.86,4.82
AA0122,1720,-800,2155,-700,GBJ,TFB,,54.01,AA0122GBJTFB,54.01,0.66,12.47,5.19,0.41,4.67,2.3,10.01,0.33,10.72,3.68,3.57
AA0123,1345,-700,1629,-800,TFB,GBJ,,198.09,AA0123TFBGBJ,198.09,0.66,1.4,67.45,1.27,5.76,8.8,64.52,9.66,1.41,11.03,26.13
AA0124,845,-800,1320,-700,GBJ,TFB,,82.18,AA0124GBJTFB,82.18,2.9,8.37,15.87,3.74,15.62,2.98,10.35,0.66,13.06,2.51,6.12
AA0125,2255,-700,140,-800,TFB,GBJ,,86.03,AA0125TFBGBJ,86.03,0.27,26.3,5.08,6.7,5.76,6,9.82,1.77,13.9,3.15,7.28
AA0126,615,-800,1053,-700,GBJ,TFB,,77.52,AA0126GBJTFB,77.52,0,14.19,15.17,1.12,13.85,0.74,5.05,0,20.77,3.63,3
AA0127,2140,-700,25,-800,TFB,GBJ,,50.13,AA0127TFBGBJ,50.13,0,16.41,0,4.57,0.97,1.11,3.67,0,4.96,15.27,3.17
AA0128,130,-800,600,-700,GBJ,TFB,,96.36,AA0128GBJTFB,96.36,2.79,18.97,17.1,6.13,9.48,5.34,9.23,1.67,11.4,6.94,7.31
AA0129,1950,-700,2237,-800,TFB,GBJ,,138.41,AA0129TFBGBJ,138.41,0.37,29.23,14.12,14.57,2.2,8.33,32.69,3.89,9.92,8.98,14.11
AA0132,55,-800,538,-700,BOD,QEY,,80.27,AA0132BODQEY,80.27,1.92,10.8,1.3,17.06,4.93,1.3,2,0.64,30.33,3.27,6.72
AA0134,700,-800,1143,-700,BOD,QEY,,53.65,AA0134BODQEY,53.65,1.98,7.33,0.99,21.33,0.98,1.94,3.03,1.96,10.06,1.08,2.97
AA0135,1235,-700,1515,-800,QEY,BOD,,95.88,AA0135QEYBOD,95.88,3.26,18.67,20.13,20.9,6.16,7.31,5.27,0.68,3.78,1.56,8.16
AA0136,1155,-800,1635,-700,BOD,QEY,,82.51,AA0136BODQEY,82.51,5.06,2.39,0.39,27.88,0.99,3.57,0,3,29.21,4.1,5.92
AA0137,1740,-700,2019,-800,QEY,BOD,,117.56,AA0137QEYBOD,117.56,3.21,16.99,6.21,31.86,2.55,7.08,7.72,2.16,16.04,15.45,8.29
AA0138,2315,-800,825,-500,BOD,PSE,,1.02,AA0138BODPSE,1.02,0,0.33,0,0,0,0,0,0,0.69,0,0
AA0139,940,-500,1311,-800,PSE,BOD,,203.24,AA0139PSEBOD,203.24,2.12,27.33,16.74,20.44,14.07,8.54,21.15,4.88,10.44,53.54,23.99
AA0143,2125,-700,5,-800,QEY,BOD,,52.35,AA0143QEYBOD,52.35,0.88,8.06,3.73,14.63,0.92,4.34,0.72,0.55,14.43,1.5,2.59
AA0151,600,-800,734,-800,BOD,PUA,,113.25,AA0151BODPUA,53.93,0,0,5.72,0.33,12.8,8.8,3.48,0,0,0,22.8
AA0151,951,-800,1115,-800,PNF,BOD,,113.25,AA0151PNFBOD,16.25,0,0,2.33,0.33,1.33,3.09,0.99,0,0.67,0.67,6.84
AA0151,823,-800,905,-800,PUA,PNF,,113.25,AA0151PUAPNF,0.33,0,0,0.33,0,0,0,0,0,0,0,0
AA0152,1316,-800,1357,-800,PNF,PUA,,150.84,AA0152PNFPUA,2,0,0,0,0,0,0,0,0,0,0,2
AA0152,1446,-800,1614,-800,PUA,BOD,,150.84,AA0152PUABOD,51,0,0,9.26,0.54,11.44,4.04,2.33,0,0,1.08,22.31
AA0152,1055,-800,1228,-800,BOD,PNF,,150.84,AA0152BODPNF,58.33,0,0,10.11,0,9.92,3.12,2.71,0,13.45,0,19.02
AA0153,1720,-800,1851,-800,BOD,PUA,,98.36,AA0153BODPUA,24.41,0.05,0.05,4.74,0.05,1.71,3.75,0.7,0.05,0.72,0.05,12.54
AA0153,2106,-800,2230,-800,PNF,BOD,,98.36,AA0153PNFBOD,23.79,0,0,0.67,0,2,2.41,1.99,0,3.12,0,13.6
AA0153,1936,-800,2019,-800,PUA,PNF,,98.36,AA0153PUAPNF,2.99,0,0,1,0,0,0,0.67,0,0,0.99,0.33
AA0181,700,-800,759,-800,BOD,GBJ,,79.7,AA0181BODGBJ,79.7,0.3,13.21,14.59,11.62,7.98,0.95,16.05,0,0,1.44,13.56
AA0182,800,-800,901,-800,GBJ,BOD,,83.39,AA0182GBJBOD,83.39,1.66,11.6,12.42,6.73,15.24,1.48,11.54,0.33,0.15,0.43,21.81
AA0183,1000,-800,1056,-800,BOD,GBJ,,68.45,AA0183BODGBJ,68.45,0.04,12.76,10.95,5.62,5.85,0.04,11.9,0.04,0.04,6.65,14.56
AA0184,1140,-800,1240,-800,GBJ,BOD,,60.19,AA0184GBJBOD,60.19,0.75,15.12,6.3,8.8,10.27,1.65,2.62,0,0.21,1.03,13.44
AA0187,1355,-800,1451,-800,BOD,GBJ,,46.55,AA0187BODGBJ,46.55,0,17.63,6.05,5.84,3.74,1.53,2.89,0,0.05,0.04,8.78
AA0188,1535,-800,1635,-800,GBJ,BOD,,51.48,AA0188GBJBOD,51.48,0,13.02,5.63,5.95,4.31,1.92,6.5,0,0,0.66,13.49
AA0189,1520,-800,1618,-800,BOD,GBJ,,50.98,AA0189BODGBJ,50.98,0,15.24,4.75,1.96,9.43,1.05,5.56,0,0.06,1.7,11.23
AA0190,1700,-800,1800,-800,GBJ,BOD,,78.65,AA0190GBJBOD,78.65,0,13.7,10.15,8.6,10.86,0.97,12.77,0,0,1.65,19.95
AA0191,1900,-800,1957,-800,BOD,GBJ,,69.36,AA0191BODGBJ,69.36,0,20.88,7.21,2.92,12.13,0.32,8.7,0.33,0.01,0.31,16.55
AA0192,2040,-800,2137,-800,GBJ,BOD,,63.25,AA0192GBJBOD,63.25,0.52,19.64,9.91,6.31,2.94,0,8.57,0,1.57,0.86,12.93
AA0195,2310,-800,6,-800,BOD,GBJ,,4.95,AA0195BODGBJ,4.95,0,0.68,0,0.01,0.67,0.99,0.34,0,0.01,0.01,2.24
AA0211,1503,-600,1655,-700,NAU,MBY,,156.49,AA0211NAUMBY,156.49,0,122.59,1.44,8.5,3.21,4.29,0,0,12.42,4.04,0
AA0212,1037,-700,1408,-600,MBY,NAU,,180.15,AA0212MBYNAU,180.15,0,123.05,0,9.91,0.01,0,1.72,0,41.27,4.19,0
AA0220,1047,-700,1620,-500,TGP,QWS,,311.52,AA0220TGPQWS,77.57,0,21.17,0,31.57,0,0,0,0,22.95,0.87,1.01
AA0220,725,-700,936,-700,TFB,TGP,,311.52,AA0220TFBTGP,180.49,5.5,21.73,3.95,34.88,19.98,0.85,4.69,0,58.34,26.1,4.47
AA0223,745,-500,945,-700,NFY,MBY,,167.06,AA0223NFYMBY,167.06,0.33,36.31,3.59,23.01,2.04,0,2.54,0,88.43,9.92,0.89
AA0225,1605,-600,1817,-700,TKE,TGP,,290.12,AA0225TKETGP,142.96,0,11.74,8.08,66.15,20.33,7.67,6.62,0,0.39,18.52,3.46
AA0225,2030,-700,2210,-700,TGP,QEY,,290.12,AA0225TGPQEY,98.68,0.29,13.25,2.72,7.69,1.64,14.32,0.87,0.3,52.19,1.72,3.69
AA0226,1940,-700,2140,-700,TFB,TKD,,322.69,AA0226TFBTKD,136.44,6,9.41,3.99,3.36,21.77,4.17,13.52,0,69.32,0.33,4.57
AA0226,2255,-700,428,-500,TKD,HEM,,322.69,AA0226TKDHEM,134.41,0,49.01,0,1.17,3.24,0,3.22,0,72.69,4.45,0.63
AA0227,925,-700,1130,-700,TKD,TFB,,393.9,AA0227TKDTFB,144.04,3.41,17.57,4.71,7.43,20.35,0.38,12,0.03,71.79,2.69,3.68
AA0227,600,-500,755,-700,HEM,TKD,,393.9,AA0227HEMTKD,191.11,0,65.44,0.67,23.6,7.82,0,5.05,0,64.11,24.42,0
AA0231,2040,-700,2235,-700,TGP,TFB,,228.25,AA0231TGPTFB,89.69,0.29,14.94,0.82,3.52,20.86,0,4.48,0,20.73,21.74,2.31
AA0231,1715,-500,1906,-700,QWS,TGP,,228.25,AA0231QWSTGP,85.15,0.46,14.18,5.5,35.77,8.55,0,9.64,0,7.49,2.65,0.91
AA0232,1020,-700,1326,-600,TBO,TKE,,255.89,AA0232TBOTKE,83.69,0,4.44,0.72,55.13,0,1.23,1.17,0,0.07,20.27,0.66
AA0232,645,-700,923,-700,TFB,TBO,,255.89,AA0232TFBTBO,111.36,0.66,32.07,1.77,4.76,6.53,0.99,0.7,0.32,42.56,19.78,1.22
AA0233,1420,-600,1529,-700,TKE,TBO,,328,AA0233TKETBO,124.91,7.81,0.71,0.06,35.01,31.03,6.83,14.34,0,0.71,13.29,15.12
AA0233,1705,-700,1950,-700,TBO,TFB,,328,AA0233TBOTFB,116.48,1.16,46.95,2.05,16.14,6.18,2.46,2,0,17.09,17.38,5.07
AA0234,1104,-700,1513,-600,TGP,TKE,,256.97,AA0234TGPTKE,62.53,0,17.93,0,30.43,0.67,0,0,0,10.54,2.63,0.33
AA0234,805,-700,954,-700,QEY,TGP,,256.97,AA0234QEYTGP,157.11,4.07,31.88,7.89,40.4,4.53,13.17,1.89,0,43.17,4.89,5.22
AA0242,155,-700,655,-500,MBY,HEM,,205.38,AA0242MBYHEM,205.38,0,31.36,2.44,3.75,14.82,2.12,7.61,0,116.91,26.37,0
AA0243,805,-500,930,-700,HEM,MBY,,180.75,AA0243HEMMBY,180.75,0,50.15,0.67,28.33,11.3,0.63,8.02,0.31,66.36,14.03,0.95
AA0244,700,-700,937,-700,TFB,MBY,,386.42,AA0244TFBMBY,174.23,0.29,27.57,8.84,10.15,3.3,1.23,10.75,0.27,95.68,11.84,4.31
AA0244,1037,-700,1604,-500,MBY,NFY,,386.42,AA0244MBYNFY,201.67,0.77,32.39,2.03,25.67,6.46,1.88,5.08,0,113.01,10.91,3.47
AA0245,1704,-500,1908,-700,NFY,MBY,,384.28,AA0245NFYMBY,226.49,0,37.75,0.66,34.54,10.41,1.3,5.64,0,126.38,8.59,1.22
AA0245,2110,-700,2350,-700,MBY,TFB,,384.28,AA0245MBYTFB,148.87,2.14,35.41,2.6,4.4,1.13,0.84,5.77,0.28,88.23,4.68,3.39
AA0248,1145,-700,1650,-500,MBY,HEM,,191.22,AA0248MBYHEM,191.22,0,35.15,5.16,11.66,8.39,0.97,9.33,0,103.59,15.45,1.52
AA0249,1755,-500,1922,-700,HEM,MBY,,237.54,AA0249HEMMBY,237.54,0,54.47,0.7,59.96,12.64,0,9.05,0,86,14.06,0.66
AA0250,1055,-700,1411,-600,MBY,TKE,,147.95,AA0250MBYTKE,147.95,0,10.74,0,91.79,0.54,0,0.42,0.67,37.78,5.56,0.45
AA0251,1505,-600,1639,-700,TKE,MBY,,252.37,AA0251TKEMBY,252.37,1.28,29.84,10.87,74.11,27.92,9.95,19,0,17.51,60.55,1.34
AA0252,1235,-700,1558,-600,MBY,TKE,,64.27,AA0252MBYTKE,64.27,0,6.45,1.05,36.28,0,0,0,0,19.5,0.39,0.6
AA0254,1015,-700,1507,-500,MBY,QWS,,147.21,AA0254MBYQWS,147.21,0.32,16.37,0.48,67,1.93,2.27,0.99,0,55.21,0.96,1.68
AA0255,1650,-600,1828,-700,TKE,MBY,,179.36,AA0255TKEMBY,179.36,0,21.71,7.13,86.51,24.99,6.41,8.02,1,4,13.62,5.97
AA0256,105,-700,634,-500,MBY,NFY,,175.48,AA0256MBYNFY,175.48,0.68,30.93,2.14,13.62,6.06,0,4.77,0,103.92,12.38,0.98
AA0259,1605,-500,1721,-700,QWS,MBY,,283.34,AA0259QWSMBY,283.34,3.42,7.8,15.76,173.74,13.77,5.85,8.31,0,5.57,37.84,11.28
AA0300,2050,-700,2254,-700,TFB,TGP,,81.34,AA0300TFBTGP,81.34,0,7.58,0.83,1.53,17.61,0.33,3.15,0,40.76,8.06,1.49
AA0302,2115,-700,2237,-700,TGP,QTQ,,160.78,AA0302TGPQTQ,22.31,1.33,0,4.67,1,0,3,0.99,0,2.67,8.65,0
AA0302,1755,-700,2004,-700,TFB,TGP,,160.78,AA0302TFBTGP,127.16,0,18.48,2.23,7.82,24.66,1.33,3.42,0.64,49.63,15.4,3.55
AA0303,1010,-700,1214,-700,TGP,TFB,,159.49,AA0303TGPTFB,159.49,0,26.33,1.93,14.06,13.67,0.96,2.24,0,86.64,10.62,3.04
AA0304,625,-700,831,-700,TFB,TGP,,126.61,AA0304TFBTGP,126.61,0.56,9.29,1.46,0.87,31.76,0,3.31,0,67.07,9.85,2.44
AA0305,1300,-700,1505,-700,TGP,TFB,,172.6,AA0305TGPTFB,172.6,0.33,46.51,2.38,28.51,20.6,0.75,0.6,0,54.75,13.69,4.48
AA0307,920,-700,1126,-700,TGP,TFB,,366.96,AA0307TGPTFB,147.24,1.73,34.16,2.05,5.74,13.45,0.33,4.63,0.29,68.01,13.46,3.39
AA0307,700,-700,832,-700,QTQ,TGP,,366.96,AA0307QTQTGP,188.99,3.59,0.92,20.75,9.01,18.59,13.04,43.06,6.93,2.04,62.91,8.15
AA0312,1502,-700,1626,-700,TGP,QTQ,,232.03,AA0312TGPQTQ,97.3,3.34,11.01,8,4.33,0,7.66,4.33,0,26.99,29.97,1.67
AA0312,1210,-700,1418,-700,TFB,TGP,,232.03,AA0312TFBTGP,113.83,0,17.72,1.5,8.45,14.54,0,0.62,0,54.69,15.7,0.61
AA0313,1650,-700,1853,-700,TGP,TFB,,175.96,AA0313TGPTFB,175.96,2.12,46.72,2.49,11.46,23.15,1.56,6.71,0,53.48,22.27,6
AA0315,700,-700,904,-700,TGP,TFB,,186.19,AA0315TGPTFB,186.19,3.1,26.49,5.27,17.95,31.19,1.3,5.12,0,65.37,16.39,14.01
AA0316,1400,-700,1605,-700,TFB,TGP,,107.44,AA0316TFBTGP,107.44,0.86,8.38,1.22,5.93,22.13,1.17,7.09,0.27,45.03,13.27,2.09
AA0317,1940,-700,2140,-700,TGP,TFB,,357.06,AA0317TGPTFB,131.58,2.56,17.51,6.65,15.17,22.75,3.61,9.44,0.29,38.47,11.98,3.15
AA0317,1725,-700,1855,-700,QTQ,TGP,,357.06,AA0317QTQTGP,176.81,7.58,3.69,16.67,8.53,32.37,12.43,31.36,1.55,4.78,49.62,8.23
AA0318,955,-700,1203,-700,TFB,TGP,,148.38,AA0318TFBTGP,148.38,1.54,16.9,2.81,11.72,21.58,1.32,1.19,0,72.84,15.93,2.55
AA0320,645,-700,847,-700,TFB,TKD,,185.59,AA0320TFBTKD,185.59,2,29.07,6.31,7.12,48.23,4.15,31.43,0,48.66,0,8.62
AA0323,630,-700,829,-700,TKD,TFB,,131.28,AA0323TKDTFB,131.28,0,7.81,2.61,1.92,19.41,0,27.02,0,68.54,0.9,3.07
AA0324,920,-700,1122,-700,TFB,TKD,,187.78,AA0324TFBTKD,187.78,3.89,24.29,7.62,2.72,34.17,7.66,17.99,0,83.11,1.6,4.73
AA0325,1205,-700,1403,-700,TKD,TFB,,145.24,AA0325TKDTFB,145.24,0.33,17.1,0.96,3.51,12.02,0.67,13.34,0.49,89.94,4.82,2.06
AA0326,1225,-700,1427,-700,TFB,TKD,,111.44,AA0326TFBTKD,111.44,0.33,14.27,0.85,0.32,13.72,0.26,19.34,0,59.18,0.43,2.74
AA0327,1515,-700,1713,-700,TKD,TFB,,166.06,AA0327TKDTFB,166.06,0,23.1,1.61,2.36,14.76,1.2,20.25,0,98.46,0.33,3.99
AA0328,1600,-700,1803,-700,TFB,TKD,,134.37,AA0328TFBTKD,134.37,0.31,9.5,2.42,1.82,14.11,4.43,16.28,0,79.44,2.97,3.09
AA0329,1850,-700,2049,-700,TKD,TFB,,159.04,AA0329TKDTFB,159.04,1.01,20.05,0.6,0.69,23.48,4.16,35.67,0,66.14,0.2,7.04
AA0342,610,-700,810,-700,TFB,PBL,,128.72,AA0342TFBPBL,128.72,0.44,12.55,21.25,4.26,11.14,0,9.81,0,66.65,0.02,2.6
AA0343,1750,-700,1943,-700,PBL,TFB,,157.69,AA0343PBLTFB,157.69,1.36,31.97,13.51,3.36,1.72,1.61,6.39,0,92.84,0,4.93
AA0344,1505,-700,1707,-700,TFB,PBL,,103.87,AA0344TFBPBL,103.87,0.33,9.87,16.24,3.2,4.31,0.33,3.51,0,63.57,0.94,1.57
AA0346,1725,-700,1928,-700,TFB,PBL,,74.1,AA0346TFBPBL,74.1,0,9.02,12.27,0.65,0.94,0.33,2,0,45.28,1.3,2.31
AA0347,630,-700,826,-700,PBL,TFB,,138.64,AA0347PBLTFB,138.64,0.26,29.33,17.58,6.19,4.88,0.34,7.78,0,68.05,1.7,2.53
AA0349,2010,-700,2204,-700,PBL,TFB,,73.11,AA0349PBLTFB,73.11,0,9.5,7.21,3.45,0,0.33,2.63,0,49.06,0.53,0.4
AA0354,2035,-700,2235,-700,TFB,PBL,,49.65,AA0354TFBPBL,49.65,0,4.6,7.87,0.65,0.41,0.6,2.08,0,31.53,1.33,0.58
AA0357,1000,-700,1154,-700,PBL,TFB,,172.32,AA0357PBLTFB,172.32,2.97,45.62,13.86,7.63,4.7,0.54,6.07,0,83.09,4.37,3.47
AA0362,1330,-700,1517,-700,TFB,TNG,,96.64,AA0362TFBTNG,96.64,0.25,27.39,9.67,12.41,13.15,0.33,2.26,0,25.99,2.19,3
AA0363,1600,-700,1748,-700,TNG,TFB,,137.77,AA0363TNGTFB,137.77,1.2,43.88,11.98,20.72,11.57,0.33,0.78,0,38.19,3.98,5.14
AA0365,945,-700,1133,-700,TNG,TFB,,179.13,AA0365TNGTFB,179.13,3.2,45.43,15.07,36.93,16.63,4.16,4.39,0,31.7,13.47,8.15
AA0368,835,-700,1016,-700,TFB,TNG,,153.06,AA0368TFBTNG,153.06,0.68,44.13,21.65,19.29,27.29,0.81,5.87,0,22.07,1.56,9.71
AA0372,2025,-700,2205,-700,TFB,TNG,,55.17,AA0372TFBTNG,55.17,0,12.96,14.46,5.7,3.88,0,1.37,0,13.98,1.38,1.44
AA0373,1100,-700,1247,-700,TNG,TFB,,192.56,AA0373TNGTFB,192.56,1.89,61.51,9.76,23.73,15.93,2.47,2.04,0,53.76,15.72,5.75
AA0385,700,-700,841,-700,TGP,QEY,,91.79,AA0385TGPQEY,91.79,0.62,5.83,0,16.32,0.63,13.88,0.3,0.29,48.03,0.94,4.95
AA0388,1850,-700,2045,-700,QEY,TGP,,112.99,AA0388QEYTGP,112.99,1.17,12.15,0,14.64,1.88,12.6,0,0.28,55.27,9.4,5.6
AA0400,610,-700,754,-700,QEY,TKD,,180.56,AA0400QEYTKD,180.56,6.86,49.26,23.51,25.69,7.98,7.41,30.1,0,13.91,2.61,13.23
AA0401,1830,-700,2011,-700,TKD,QEY,,77.34,AA0401TKDQEY,77.34,0.34,21.24,16.89,11.24,1.69,1.88,7.26,0,11.84,0,4.96
AA0403,840,-700,1021,-700,TKD,QEY,,94.81,AA0403TKDQEY,94.81,0.69,24.25,16.35,10.04,1.84,4.25,11.54,0,19.17,1.5,5.18
AA0404,1600,-700,1744,-700,QEY,TKD,,69.7,AA0404QEYTKD,69.7,0,20.22,16.28,13.61,0.58,1.47,5.76,0,8.5,0.9,2.38
AA0450,2035,-700,2309,-700,TFB,MBY,,62.1,AA0450TFBMBY,62.1,0,1.46,3.24,1,1.93,0.33,7.36,0,44.33,1,1.45
AA0451,720,-700,1000,-700,MBY,TFB,,206.67,AA0451MBYTFB,206.67,1.71,68.72,4.34,5.63,3.52,0,11.98,0,96.15,9.33,5.29
AA0452,1210,-700,1445,-700,TFB,MBY,,135.55,AA0452TFBMBY,135.55,0,14.23,2.08,0.29,0.6,0.31,6.68,0,103.13,4.22,4.01
AA0453,1005,-700,1244,-700,MBY,TFB,,191.97,AA0453MBYTFB,191.97,3.38,39.23,11.13,25.43,17.41,8.45,9.29,0.63,41.93,25.15,9.94
AA0454,600,-700,837,-700,TFB,MBY,,160.92,AA0454TFBMBY,160.92,0.28,26.85,3.01,3.76,0.58,0.59,18.28,0,98.07,5.99,3.51
AA0456,800,-700,1038,-700,TFB,MBY,,148.35,AA0456TFBMBY,148.35,0.56,35.12,8.28,5.6,6,0.87,12.85,0,67.16,6.21,5.7
AA0457,1720,-700,1957,-700,MBY,TFB,,199.94,AA0457MBYTFB,199.94,2.47,101.12,6.04,26.84,7.98,2.21,11.09,0.55,24.71,11.85,5.08
AA0458,900,-700,1140,-700,TFB,MBY,,215.61,AA0458TFBMBY,215.61,0,43.23,10.69,13.31,2.81,1.37,17.12,0.63,106.77,12.76,6.92
AA0460,1045,-700,1320,-700,TFB,MBY,,149.59,AA0460TFBMBY,149.59,0,31.15,2.54,6.58,2.6,0.28,6.48,0.33,89.37,9.32,0.94
AA0461,1255,-700,1534,-700,MBY,TFB,,171.35,AA0461MBYTFB,171.35,4.09,30.86,5.38,60.16,18.03,2.63,12.74,0.45,20.52,9.94,6.55
AA0462,2120,-700,2351,-700,TFB,MBY,,47.11,AA0462TFBMBY,47.11,0,3.94,0.59,0.92,0,0.27,5.43,0,33.26,0.87,1.83
AA0463,2020,-700,2255,-700,MBY,TFB,,168.34,AA0463MBYTFB,168.34,1.24,45.76,0.88,6.24,1.56,0.61,12.76,0,85.23,11.27,2.79
AA0465,1600,-700,1836,-700,MBY,TFB,,199.65,AA0465MBYTFB,199.65,1.73,62.24,4.76,25.76,10.18,1.44,11.58,1.67,41.14,32.31,6.84
AA0467,1430,-700,1710,-700,MBY,TFB,,157.77,AA0467MBYTFB,157.77,2.14,36.97,8.73,34.69,6.74,1.38,14.21,0,33.4,14.5,5.01
AA0469,830,-700,1108,-700,MBY,TFB,,226.96,AA0469MBYTFB,226.96,6.79,72.79,10.34,11.18,8.91,8.12,2.63,0.61,75.07,26.72,3.8
AA0470,1405,-700,1635,-700,TFB,MBY,,117.72,AA0470TFBMBY,117.72,0,20.72,3.65,1.84,2.27,0.93,12.54,0,67.3,4.47,4
AA0471,1935,-700,2210,-700,MBY,TFB,,258.07,AA0471MBYTFB,258.07,0.84,44.38,9.39,16.98,8.92,1.38,12.97,0.31,136.32,21.01,5.57
AA0472,1135,-700,1414,-700,TFB,TBO,,117.48,AA0472TFBTBO,117.48,0.23,26.94,1.42,7.17,10.16,0.61,0,0,54.28,14.04,2.63
AA0474,1850,-700,2122,-700,TFB,MBY,,123.5,AA0474TFBMBY,123.5,0.72,10.15,4.54,0.77,1.89,0.76,18.82,0,79.05,3.91,2.89
AA0476,1655,-700,1932,-700,TFB,MBY,,115.99,AA0476TFBMBY,115.99,2.44,17.82,2.16,3.26,1.59,0.57,16.48,1.45,57.58,6.21,6.43
AA0477,610,-700,859,-700,MBY,TFB,,234.6,AA0477MBYTFB,234.6,1.3,53.03,4.27,5.28,5.06,2.42,12.29,1.36,127.98,9.93,11.68
AA0479,2100,-700,2319,-700,MBY,QEY,,174.75,AA0479MBYQEY,174.75,4.34,53.62,2.42,8.09,1.46,8.62,1.52,2.49,81.77,1.45,8.97
AA0480,805,-700,1046,-700,TFB,TBO,,111.22,AA0480TFBTBO,111.22,0.33,19.67,0.23,3.16,9.93,0.65,0,0,57.06,15.41,4.78
AA0481,1000,-700,1251,-700,TBO,TFB,,155.52,AA0481TBOTFB,155.52,0.29,85.82,2.62,12.91,7.99,0.95,1.15,0,23.49,17.22,3.08
AA0482,1550,-700,1828,-700,TFB,TBO,,106.31,AA0482TFBTBO,106.31,0.51,27.2,0.79,2.49,6.77,1.91,0,0,48.15,14.33,4.16
AA0483,1135,-700,1425,-700,TBO,TFB,,151.36,AA0483TBOTFB,151.36,0,78.3,0.65,19.89,3.46,0.27,1.82,0,26.47,17.59,2.91
AA0484,1955,-700,2236,-700,TFB,TBO,,62.56,AA0484TFBTBO,62.56,0,6.38,0,1.49,2.05,3.64,0,0,38.47,9.7,0.83
AA0485,1915,-700,2208,-700,TBO,TFB,,176.26,AA0485TBOTFB,176.26,1.27,42.88,1.52,7.96,5.27,1.7,0.71,0,91,18.65,5.3
AA0487,1500,-700,1745,-700,TBO,TFB,,159.05,AA0487TBOTFB,159.05,0,71.56,1.7,20.37,3.97,1.19,0.31,0,38.97,18.71,2.27
AA0488,955,-700,1235,-700,TFB,TBO,,123.62,AA0488TFBTBO,123.62,0.23,23.34,0,5.65,8.81,0.94,0,0,75.66,8.33,0.66
AA0491,1320,-700,1606,-700,TBO,TFB,,159.78,AA0491TBOTFB,159.78,0.92,70.64,1.35,23.05,4.17,2.38,0.6,0.65,42.72,10.93,2.37
AA0493,630,-700,930,-700,TBO,TFB,,159.87,AA0493TBOTFB,159.87,0.39,54.02,5.82,9.77,12.05,1.68,0.82,0,53.55,18.41,3.36
AA0494,1355,-700,1641,-700,TFB,TBO,,99.24,AA0494TFBTBO,99.24,0,25.58,0.59,2.22,8.14,1.79,0,0,50.09,9.21,1.62
AA0495,800,-700,1049,-700,TBO,TFB,,197.26,AA0495TBOTFB,197.26,0.61,67.73,2.51,16.98,12.38,2.43,1.1,0,57.37,31.14,5.01
AA0498,1755,-700,2035,-700,TFB,TBO,,66.25,AA0498TFBTBO,66.25,0,12.7,0.32,2.7,2.73,0.81,0,0,33.56,7.97,5.46
AA0501,1015,-700,1252,-700,TOB,TFB,,156.02,AA0501TOBTFB,156.02,4.88,72.54,11.72,17.09,10.3,1.07,2.64,0,25.14,3.17,7.47
AA0502,650,-700,928,-700,TFB,TOB,,150.94,AA0502TFBTOB,150.94,11.65,27.37,13.64,12.43,3.4,0,1.52,0,71.48,7.84,1.61
AA0503,1200,-700,1438,-700,TOB,TFB,,180.23,AA0503TOBTFB,180.23,7.31,72.81,11.54,25.45,3.2,1.45,0.26,0,47.59,6.71,3.91
AA0504,830,-700,1108,-700,TFB,TOB,,147.07,AA0504TFBTOB,147.07,8.33,47.83,12.19,25.45,2.91,1.08,1.13,0,30.75,10.58,6.82
AA0505,1955,-700,2232,-700,TOB,TFB,,206.77,AA0505TOBTFB,206.77,6.09,38.53,3.46,5.06,0,0.31,0.31,0,149.3,2.19,1.52
AA0507,1507,-700,1746,-700,TOB,TFB,,154.04,AA0507TOBTFB,154.04,9.35,86.12,5.43,30.58,3.38,0.56,1.4,0,4.78,7.82,4.62
AA0508,1147,-700,1425,-700,TFB,TOB,,141.33,AA0508TFBTOB,141.33,7.52,18.6,9.32,31.41,5.39,0,0.32,0,59.32,7.9,1.55
AA0511,1755,-700,2037,-700,TOB,TFB,,201.07,AA0511TOBTFB,201.07,9.03,57.29,5.87,22.29,2.96,1.28,0.28,0,94.37,3.23,4.47
AA0512,1430,-700,1709,-700,TFB,TOB,,161.15,AA0512TFBTOB,161.15,7.58,31.02,6.66,9.57,2.52,0,1.38,0,96.51,3.78,2.13
AA0514,1635,-700,1912,-700,TFB,TOB,,133.75,AA0514TFBTOB,133.75,7.23,29.88,7.07,4.94,0.31,0.37,0.31,0,78.93,1.03,3.68
AA0515,700,-700,1000,-700,TOB,TFB,,148.68,AA0515TOBTFB,148.68,15.93,38.85,15.39,18.73,2.11,1.71,0.92,0,48.82,3.8,2.42
AA0516,1832,-700,2110,-700,TFB,TOB,,101.16,AA0516TFBTOB,101.16,8.72,7.24,4.91,2.64,0,0,0,0,76.56,0.3,0.79
AA0517,800,-700,1045,-700,TOB,TFB,,142.04,AA0517TOBTFB,142.04,7.97,55.19,14.36,12.89,3.9,0,3.52,0,33.98,3,7.23
AA0518,1942,-700,2219,-700,TFB,TOB,,76.57,AA0518TFBTOB,76.57,4.61,4.26,3.65,1.07,0,0,0.42,0,57.36,0.93,4.27
AA0520,1540,-700,1800,-700,TFB,CVS,,98.11,AA0520TFBCVS,98.11,0.31,31.32,2.16,8.59,0,0.27,15.33,0,35.29,1.16,3.68
AA0521,1845,-700,2115,-700,CVS,TFB,,190.68,AA0521CVSTFB,190.68,2.21,36.06,1.12,8.77,2.58,1.32,17.84,1.46,104.29,6.43,8.6
AA0522,810,-700,1031,-700,TFB,CVS,,190.22,AA0522TFBCVS,190.22,0.27,28.91,4.25,2.74,1.34,7.94,34.41,0,103.42,3.01,3.93
AA0524,1835,-700,2058,-700,TFB,CVS,,114.36,AA0524TFBCVS,114.36,0,17.23,1.26,3.77,0,0.93,14.62,0,74.34,0.28,1.93
AA0527,810,-700,1043,-700,CVS,TFB,,176.64,AA0527CVSTFB,176.64,3.51,43.61,2.64,11.54,0.93,5.34,24.4,0.25,73.74,4.15,6.53
AA0529,1115,-700,1346,-700,CVS,TFB,,140.02,AA0529CVSTFB,140.02,0.74,50.15,3.62,16.52,1.87,2.78,19.5,0,34.13,8.59,2.12
AA0530,710,-700,940,-700,TFB,POU,,156.47,AA0530TFBPOU,156.47,5.19,13.54,0.06,1.12,2.13,12.31,5.46,0,114.41,0.06,2.19
AA0531,1755,-700,2030,-700,POU,TFB,,179.74,AA0531POUTFB,179.74,1.37,63.33,5.91,25.03,4.97,9.23,8.39,0,42.37,13.93,5.21
AA0533,1025,-700,1303,-700,POU,TFB,,209.04,AA0533POUTFB,209.04,4.91,66.17,1.88,42.6,19.1,6,10.98,0.01,38.01,13.52,5.86
AA0536,2045,-700,2314,-700,TFB,POU,,70.98,AA0536TFBPOU,70.98,0,2.97,0.54,0.75,1.43,3.66,0.86,0.21,60.56,0,0
AA0538,1440,-700,1710,-700,TFB,POU,,137.48,AA0538TFBPOU,137.48,0,36.03,0.86,5.2,1.89,7.61,5.16,0,77.21,1.87,1.65
AA0539,630,-700,914,-700,POU,TFB,,151.83,AA0539POUTFB,151.83,3.07,60.99,6.48,22.44,5.23,9.6,10.04,0,26.01,5.77,2.2
AA0549,1510,-700,1800,-700,QTQ,TFB,,181.83,AA0549QTQTFB,181.83,5.42,30.62,13.44,39,10.1,24.19,15.26,0,1.61,30.89,11.3
AA0558,1145,-700,1426,-700,TFB,QTQ,,125.48,AA0558TFBQTQ,125.48,1.26,2.48,1.38,2.63,0.95,8.79,2.61,0,99.36,2.61,3.41
AA0560,655,-700,916,-700,QEY,MBY,,260.91,AA0560QEYMBY,260.91,3.2,55.84,9,28.52,2.17,18.43,2.78,0.97,125.88,4.9,9.22
AA0561,615,-700,841,-700,MBY,QEY,,147.2,AA0561MBYQEY,147.2,1.35,27.23,0.86,2.16,1.14,5.68,0.01,1.13,101.12,0.97,5.55
AA0562,950,-700,1215,-700,QEY,MBY,,192.41,AA0562QEYMBY,192.41,5.97,55.2,1.28,11.73,2.69,5.68,0.98,0.52,99.5,2.58,6.28
AA0563,800,-700,1025,-700,MBY,QEY,,205.02,AA0563MBYQEY,205.02,1.81,55.17,9.43,4.65,14.02,9.85,1.83,0.34,95.11,2.47,10.34
AA0564,1120,-700,1338,-700,QEY,MBY,,221.47,AA0564QEYMBY,221.47,0.75,60.39,3.77,10.95,2.48,7.1,0,0.92,130.21,0.8,4.1
AA0565,1705,-700,1923,-700,MBY,QEY,,269.93,AA0565MBYQEY,269.93,3.64,96.75,5.67,29.58,0.5,11.46,3.33,0.32,87.62,17.85,13.21
AA0566,2035,-700,2250,-700,QEY,MBY,,106.32,AA0566QEYMBY,106.32,2.42,8.27,2.71,1.36,0.67,4.66,0.65,2.18,77.68,0.87,4.85
AA0568,1730,-700,1951,-700,QEY,MBY,,161.09,AA0568QEYMBY,161.09,2.61,29.16,4.81,2.71,1.44,10.64,0.25,1.14,95.14,2.37,10.82
AA0569,1325,-700,1550,-700,MBY,QEY,,258.38,AA0569MBYQEY,258.38,4.22,107.72,7.4,24.17,11.62,6.92,5.2,1.55,68.66,9.69,11.23
AA0573,640,-700,918,-700,TBO,QEY,,148.44,AA0573TBOQEY,148.44,2.9,40.2,1.09,3.42,10.37,1.41,1.26,0.22,69.57,16.58,1.42
AA0574,2045,-700,2310,-700,QEY,TBO,,52.65,AA0574QEYTBO,52.65,1.11,11.12,0,2.63,2.11,0,0,0,24.9,6.41,4.37
AA0575,1410,-700,1642,-700,TBO,QEY,,191.34,AA0575TBOQEY,191.34,1.1,47.17,1.82,42.46,8.21,2.22,2.66,0.26,52.61,30.61,2.22
AA0576,640,-700,910,-700,QEY,TBO,,88.38,AA0576QEYTBO,88.38,0.83,12.61,0.32,10.57,5.62,0.29,0.29,0.29,37.87,17.6,2.09
AA0578,1100,-700,1326,-700,QEY,TBO,,177.32,AA0578QEYTBO,177.32,1.33,59.61,0.33,11.53,7.36,1.47,1.22,1.32,71.81,18.55,2.79
AA0579,1810,-700,2039,-700,TBO,QEY,,140.92,AA0579TBOQEY,140.92,2.48,36.3,1.48,15.74,1.56,3.79,3.31,1.16,60.51,12.41,2.18
AA0580,1105,-700,1331,-700,QEY,TOB,,142.66,AA0580QEYTOB,142.66,0,15.39,8.92,20,0.69,0.28,8.22,0.28,82.01,4.43,2.44
AA0581,645,-700,928,-700,TOB,QEY,,120.97,AA0581TOBQEY,120.97,0.43,22.37,9.66,7.37,2.4,1.5,7.46,0.02,65.9,2.46,1.4
AA0582,650,-700,918,-700,QEY,TOB,,130.4,AA0582QEYTOB,130.4,0.61,17.57,18.14,10.91,2.26,0,12.51,0,62.44,3.64,2.32
AA0583,1415,-700,1638,-700,TOB,QEY,,188.63,AA0583TOBQEY,188.63,1.03,56.59,7.94,35.59,2.86,3.33,9.06,0,52.28,18.06,1.89
AA0584,1545,-700,1813,-700,QEY,TOB,,74.82,AA0584QEYTOB,74.82,0,12.64,6.72,1.98,1.45,0,4.28,0,44.61,1.03,2.11
AA0585,1855,-700,2116,-700,TOB,QEY,,117.99,AA0585TOBQEY,117.99,0.32,13.62,7.59,9.23,0.25,0,5.67,0,72.24,2.5,6.57
AA0587,1000,-700,1224,-700,TOB,QEY,,155.57,AA0587TOBQEY,155.57,3.72,57.4,7.47,13.31,2.2,0.19,6.95,0,47.4,10.67,6.26
AA0590,1935,-700,2158,-700,QEY,TOB,,40.07,AA0590QEYTOB,40.07,0.31,6.35,7.99,5.81,0,0,3.44,0,13.83,0,2.34
AA0600,600,-700,822,-700,TFB,MBT,,99.2,AA0600TFBMBT,99.2,1.1,41.78,1.06,39.27,2.73,0,4.38,0,4.52,3.61,0.75
AA0603,700,-700,938,-700,MBT,TFB,,215,AA0603MBTTFB,215,5.04,27.91,6.83,56.94,32.86,13.1,9.8,0.22,2.58,52.68,7.04
AA0604,1110,-700,1337,-700,TFB,MBT,,140.46,AA0604TFBMBT,140.46,0.32,60.41,1.1,48.11,0.03,0.9,5.29,0,16.83,6.56,0.91
AA0605,1310,-700,1543,-700,MBT,TFB,,169.17,AA0605MBTTFB,169.17,3.23,9.76,23.17,34.27,36.64,7.1,21.5,2.69,5.13,18.93,6.75
AA0606,1010,-700,1230,-700,TFB,MBT,,207.72,AA0606TFBMBT,207.72,0.58,110.06,1.12,42.29,2.42,0.27,7.1,0.35,26.05,16.28,1.2
AA0607,1422,-700,1655,-700,MBT,TFB,,183.77,AA0607MBTTFB,183.77,4.06,64.77,8.7,24.14,11.77,3.85,25.27,0.99,29.28,5.95,4.99
AA0608,825,-700,1045,-700,TFB,MBT,,244.1,AA0608TFBMBT,244.1,11.66,104.12,2.64,59.58,9.47,0.45,17.47,0.63,28.86,4.52,4.7
AA0609,1955,-700,2230,-700,MBT,TFB,,174.67,AA0609MBTTFB,174.67,6.68,12.45,6.06,38.74,42.13,0.56,7.26,2.1,0.64,54.08,3.97
AA0610,1250,-700,1516,-700,TFB,MBT,,123.19,AA0610TFBMBT,123.19,1.3,38.81,2.64,45.97,2.47,1.72,7.2,0.69,14.52,5.77,2.1
AA0611,1600,-700,1833,-700,MBT,TFB,,229.26,AA0611MBTTFB,229.26,5.89,62.96,11.49,21.45,37.28,4.16,40.39,3.46,16.15,20.47,5.56
AA0612,1400,-700,1624,-700,TFB,MBT,,140.23,AA0612TFBMBT,140.23,0.66,53.64,2.83,43.7,5.66,0,9.52,0,6.57,16.44,1.21
AA0613,2155,-700,26,-700,MBT,TFB,,156.61,AA0613MBTTFB,156.61,3.55,36.28,2.18,65.81,3.26,1.73,7.53,0.34,8.24,27.49,0.2
AA0614,2055,-700,2314,-700,TFB,MBT,,35.78,AA0614TFBMBT,35.78,1.8,9.65,0.23,9.98,0.99,0.81,1.21,0,8.71,1.34,1.06
AA0615,1710,-700,1950,-700,MBT,TFB,,236.23,AA0615MBTTFB,236.23,9.92,39.17,7.77,38.91,33.67,8.12,36.47,1.18,40.59,18.07,2.36
AA0618,1845,-700,2106,-700,TFB,MBT,,64.1,AA0618TFBMBT,64.1,1.37,27.66,1.16,21.43,0.24,0.36,4.65,0,5.79,1.44,0
AA0619,910,-700,1148,-700,MBT,TFB,,186.73,AA0619MBTTFB,186.73,2.54,12.15,5.01,29.11,44.96,3.05,22.58,4.41,9.93,44.5,8.49
AA0620,1740,-700,1950,-700,QEY,MBT,,95.97,AA0620QEYMBT,95.97,1.84,8.43,0.59,4.4,8.9,0,1.68,0.32,67.88,1.3,0.63
AA0621,2035,-700,2249,-700,MBT,QEY,,148.51,AA0621MBTQEY,148.51,2.2,55.81,1.28,40.69,19.9,0,8.52,1,4.11,11.91,3.09
AA0622,1320,-700,1531,-700,QEY,MBT,,172.25,AA0622QEYMBT,172.25,2.51,78.57,2.35,45.77,12.02,0.97,7.14,1.84,3.15,13.64,4.29
AA0623,1615,-700,1832,-700,MBT,QEY,,161.75,AA0623MBTQEY,161.75,3.67,25.84,7.44,34.76,7.1,0.91,24.62,1.94,2.11,47.79,5.57
AA0625,1220,-700,1440,-700,MBT,QEY,,150.21,AA0625MBTQEY,150.21,0.09,37.08,1.35,14.29,19.23,0.74,28.17,0.81,2.55,38.85,7.05
AA0626,925,-700,1135,-700,QEY,MBT,,157.54,AA0626QEYMBT,157.54,4.82,3.15,0.64,83.04,26.22,0.9,5.45,0.28,3.15,26.2,3.69
AA0628,1000,-700,1225,-700,CMJ,MBT,,247.4,AA0628CMJMBT,247.4,0,89.41,0,30.46,0,0,0,0.29,126.95,0,0.29
AA0629,715,-700,935,-700,MBT,QEY,,211.62,AA0629MBTQEY,211.62,2.82,65.03,3.91,43.99,23.91,0.55,7.62,0.12,31.3,29.47,2.9
AA0630,1035,-700,1322,-700,TFB,QIY,,127.57,AA0630TFBQIY,127.57,0,64.24,2.21,8.19,1.96,5.12,0.33,0.28,42.82,0.97,1.45
AA0631,612,-700,910,-700,QIY,TFB,,181.17,AA0631QIYTFB,181.17,2.97,65.83,12.76,20.9,12.55,4.98,2.65,3.67,37.94,8.03,8.89
AA0632,730,-700,1015,-700,TFB,QIY,,175.19,AA0632TFBQIY,175.19,0.57,70.78,12.79,12.81,3.18,11.24,0,2.29,54.39,4.03,3.11
AA0633,1410,-700,1704,-700,QIY,TFB,,217.24,AA0633QIYTFB,217.24,1.18,75.94,10.5,45.81,10.99,4.77,2.88,1.45,44.11,18.47,1.14
AA0634,640,-700,918,-700,QEY,QIY,,96.27,AA0634QEYQIY,96.27,0.33,43.55,9.63,11.81,2.11,1.01,0.98,0.3,24.31,0,2.24
AA0635,1600,-700,1855,-700,QIY,TFB,,271.31,AA0635QIYTFB,271.31,2.43,111.69,7.44,40.42,8.55,5.09,4.19,0.98,54.14,33.39,2.99
AA0636,1218,-700,1513,-700,TFB,QIY,,81.09,AA0636TFBQIY,81.09,0,48.18,3.77,4.28,1.57,2.59,1.42,0.3,17.72,0,1.26
AA0637,1855,-700,2155,-700,QIY,TFB,,161.09,AA0637QIYTFB,161.09,1.24,61.19,5.44,33.51,12.85,10,0.89,1.65,28.6,3.5,2.22
AA0638,1515,-700,1806,-700,TFB,QIY,,85.2,AA0638TFBQIY,85.2,0,38.88,6.73,7.81,4.21,3.4,0.79,0.83,18.85,1.67,2.03
AA0641,1545,-700,1848,-700,UVT,TFB,,159.13,AA0641UVTTFB,159.13,2.58,41.42,8.27,48.82,9.82,4.47,4.66,0.96,13.94,20.51,3.68
AA0642,1925,-700,2212,-700,TFB,QIY,,52.41,AA0642TFBQIY,52.41,0,26.16,2.16,4.12,0.25,4.88,1.06,0.64,10.24,1.34,1.56
AA0645,1105,-700,1405,-700,QIY,TFB,,154.62,AA0645QIYTFB,154.62,1.84,25.13,8.05,50.44,10.24,4.9,9.1,0.32,4.9,33.19,6.51
AA0646,1645,-700,1911,-700,CMJ,MBT,,106.69,AA0646CMJMBT,106.69,0,0.57,0,2.27,0,0.29,0,0,103.56,0,0
AA0647,1315,-700,1555,-700,MBT,CMJ,,211.64,AA0647MBTCMJ,211.64,0,1.17,12.39,73.91,57.05,0,22.65,0,1.17,42.77,0.53
AA0648,1150,-700,1444,-700,TFB,UVT,,114.62,AA0648TFBUVT,114.62,0.33,53.96,1.37,16.48,5.8,9.06,0.67,0,20.7,3.38,2.87
AA0649,1135,-700,1415,-700,MBT,CMJ,,217.29,AA0649MBTCMJ,217.29,0.69,1.19,2.21,51.51,51.02,1.4,10.21,0.34,1.19,97.21,0.32
AA0650,1340,-700,1615,-700,QEY,QIY,,101.29,AA0650QEYQIY,101.29,0,50.94,6.73,13.54,2.08,0.35,0,0.32,24.13,0.65,2.55
AA0657,1705,-700,1948,-700,QIY,QEY,,203.98,AA0657QIYQEY,203.98,0,96.99,11.95,56.17,2.67,1.09,0.76,1.47,25.29,6.28,1.31
AA0659,1005,-700,1249,-700,QIY,QEY,,187.83,AA0659QIYQEY,187.83,0,86.18,4.61,20.39,6.62,1.35,0.35,0,64.11,2.05,2.17
AA0660,1230,-700,1822,-500,TFB,EGX,,184.81,AA0660TFBEGX,184.81,0.66,71.5,3.66,10.21,48.41,9.85,7.02,1.19,20.86,6.39,5.06
AA0661,1400,-500,1613,-700,EGX,TFB,,196.98,AA0661EGXTFB,196.98,4.71,69.75,3.32,22.5,30.08,3.29,13.61,3.19,16.09,17,13.44
AA0663,1912,-500,2130,-700,EGX,TFB,,120.13,AA0663EGXTFB,120.13,2.89,45.95,0.62,13.06,11.91,3.73,0.61,0.8,26.12,6.14,8.3
AA0664,1810,-700,2356,-500,TFB,EGX,,50.11,AA0664TFBEGX,50.11,1.79,15.05,0.38,4.97,7.73,6.55,0.29,0,10.08,1.83,1.44
AA0665,700,-500,912,-700,EGX,TFB,,164.75,AA0665EGXTFB,164.75,5.8,55.52,3.07,16.71,39.85,16.23,5.93,0,4.83,11.65,5.16
AA0668,1125,-700,1717,-500,TFB,BVT,,216.8,AA0668TFBBVT,216.8,8.41,62.1,11.09,22.68,6.93,1.85,2.39,1.56,90.34,0.28,9.17
AA0670,715,-700,1305,-500,TFB,EGX,,128.26,AA0670TFBEGX,128.26,0,46.77,2.06,11.93,16.27,10.8,1.76,0,28.84,1.24,8.59
AA0671,1810,-500,2030,-700,BVT,TFB,,191.08,AA0671BVTTFB,191.08,6.65,88.81,10.83,36.57,6.38,1.69,5.51,1.42,6.67,20.42,6.13
AA0672,1245,-700,1620,-600,TFB,EFO,,174.76,AA0672TFBEFO,174.76,1.18,10.7,2.74,30.9,29.54,5.38,4.84,0.45,16.62,62.82,9.59
AA0673,1710,-600,1902,-700,EFO,TFB,,177.12,AA0673EFOTFB,177.12,3.01,9.86,9,38.67,9.35,10.5,9.82,0.95,25.29,52.78,7.89
AA0676,735,-700,1110,-600,TFB,EFO,,223.83,AA0676TFBEFO,223.83,2.48,4.6,11.54,16.49,32.99,6.95,20.16,2.61,65.62,50.83,9.56
AA0678,1750,-700,2122,-600,TFB,EFO,,95.31,AA0678TFBEFO,95.31,0,6.9,0.9,19,10.85,2.12,4.35,0.27,31.13,17.79,2
AA0679,1200,-600,1350,-700,EFO,TFB,,206.97,AA0679EFOTFB,206.97,2.27,16.77,6.66,43.56,20.64,6.94,6.11,0,32.76,53.01,18.25
AA0683,1715,-500,1938,-700,PSE,QEY,,169.1,AA0683PSEQEY,169.1,2.14,18.56,4.36,49.39,15.65,4.79,4.63,0,26.48,38.25,4.85
AA0685,800,-600,951,-700,EFO,TFB,,186,AA0685EFOTFB,186,3.36,18.77,5.33,23.44,28.93,8.79,6.19,1.89,21.22,44.54,23.54
AA0686,1020,-700,1622,-500,QEY,PSE,,144.21,AA0686QEYPSE,144.21,0.72,8.49,17.13,38.05,7.65,6.26,6.07,0.38,18.32,36.94,4.2
AA0690,1200,-700,1258,-700,TFB,HFH,,43.31,AA0690TFBHFH,43.31,4.67,3.6,0.35,7.72,2.05,6.68,5.04,1.34,7.77,1.41,2.68
AA0691,1340,-700,1440,-700,HFH,TFB,,93.39,AA0691HFHTFB,93.39,8.32,10.9,1.87,17,6.13,9.06,5.74,1.69,19.31,6.66,6.71
AA0693,800,-700,902,-700,HFH,TFB,,146.55,AA0693HFHTFB,146.55,14.9,18.32,3.21,35.73,7.49,11.73,10.14,2.01,25.77,7.96,9.29
AA0694,2000,-700,2056,-700,TFB,HFH,,46.98,AA0694TFBHFH,46.98,7.31,3.03,0,12.87,0.74,4.65,2.99,2.67,8.39,2,2.33
AA0698,2300,-700,2358,-700,TFB,HFH,,34.06,AA0698TFBHFH,34.06,2,5.25,0.83,12.95,2.14,1.98,1,0.33,0.91,1.33,5.34
AA0699,600,-700,704,-700,HFH,TFB,,138.56,AA0699HFHTFB,138.56,14.22,17.42,7.48,32.83,9.7,10.86,9.76,1.9,11.74,9.71,12.94
AA0703,1430,-700,1722,-700,MBY,ZWS,,159.35,AA0703MBYZWS,159.35,0,45.54,0.67,3.34,13.35,0.77,2.01,0.88,87.22,2.2,3.37
AA0704,1320,-700,1612,-700,ZWS,MBY,,120.94,AA0704ZWSMBY,120.94,0,15.01,0,6.26,6.33,0.68,1.37,1.79,87.16,2.01,0.33
AA0706,1815,-700,2105,-700,ZWS,MBY,,128.14,AA0706ZWSMBY,128.14,0.89,34.68,0.33,2,1.75,0.65,0.99,3.99,73.6,8.02,1.24
AA0707,2100,-700,2359,-700,MBY,ZWS,,62.69,AA0707MBYZWS,62.69,0,14.06,0.32,4.2,0.33,0,1.58,0.31,38.03,1.99,1.87
AA0708,620,-700,910,-700,ZWS,MBY,,80.4,AA0708ZWSMBY,80.4,0,24.97,0,3.21,1.66,0,0.71,0,48.22,0.99,0.64
AA0709,930,-700,1222,-700,MBY,ZWS,,214.81,AA0709MBYZWS,214.81,0.3,57.29,0.33,12.78,16.77,0.6,2.2,0.33,112.8,9.24,2.17
AA0711,1840,-700,2142,-700,MBY,ZWS,,102.41,AA0711MBYZWS,102.41,0,20.13,0,3.13,2.85,0.29,0.3,0,70.7,4.06,0.95
AA0712,840,-700,1135,-700,ZWS,MBY,,111.6,AA0712ZWSMBY,111.6,0,20.75,0,4.62,1.67,0.33,0.66,0,82.57,1,0
AA0730,1140,-700,1755,-500,TFB,JBI,,294.03,AA0730TFBJBI,156.84,2.95,22.13,7.38,21.85,10.61,7.81,3.26,0.97,52.75,13.52,13.61
AA0730,620,-800,1045,-700,BOD,TFB,,294.03,AA0730BODTFB,116.19,3,26.95,13.99,7.83,5.15,2.7,12.72,2.31,23.28,11.73,6.53
AA0731,2220,-700,50,-800,TFB,BOD,,243.98,AA0731TFBBOD,49.83,0,7.68,1.41,5.2,1.51,0.3,1.05,0.33,3.9,21.79,6.66
AA0731,1845,-500,2125,-700,JBI,TFB,,243.98,AA0731JBITFB,175.52,0,25,6.77,37.38,20.87,0.9,1.8,0,45.87,30.5,6.43
AA0742,915,-700,1700,-400,TFB,BUM,,214.35,AA0742TFBBUM,214.35,2.43,5.3,6.74,58.59,38.67,11.08,29.43,0.65,1.98,49.44,10.04
AA0743,1800,-400,2024,-700,BUM,TFB,,199.95,AA0743BUMTFB,199.95,0.33,16.12,16.91,42.6,34.29,6.44,33.2,0.35,2.63,43.52,3.56
AA0754,1135,-700,1720,-500,TFB,TUM,,201.71,AA0754TFBTUM,201.71,2.7,62.6,7.56,41.51,31.12,12.01,5.24,0,2.33,16.22,20.42
AA0755,1810,-500,2028,-700,TUM,TFB,,198.92,AA0755TUMTFB,198.92,2.32,65.93,9.28,48.07,14.04,9.76,11.57,0,16.36,14.24,7.35
AA0758,1045,-700,1615,-500,TFB,NDJ,,135.53,AA0758TFBNDJ,135.53,2.68,22.01,3.74,43.86,21.18,0.01,0.07,4.07,9.16,25.79,2.96
AA0759,1705,-500,1900,-700,NDJ,TFB,,179.2,AA0759NDJTFB,179.2,5.72,33.54,5.48,33.41,11.26,8.16,12.4,2.08,38.21,24.4,4.54
AA0809,835,-700,1127,-1000,QEY,PHH,,152.77,AA0809QEYPHH,152.77,0.36,0.99,5.74,1.3,88.15,1.45,29.85,0,0.99,23.65,0.29
AA0810,1100,-1000,1943,-700,LPB,TFB,,199.49,AA0810LPBTFB,199.49,26.94,7.31,22.11,7.31,7.31,33.18,37.02,11.23,7.31,7.31,32.46
AA0812,1500,-1000,2259,-700,PHH,TKD,,159.07,AA0812PHHTKD,159.07,0,1.54,6.46,92.7,9.34,0,3.04,0.32,3.96,38.39,3.32
AA0820,1800,-700,1950,-700,TNG,TFB,,281.76,AA0820TNGTFB,105.16,0.94,38.02,15.17,13.8,8.58,0,2.1,0,23.81,1.46,1.28
AA0820,900,-1000,1703,-700,PHH,TNG,,281.76,AA0820PHHTNG,119.86,3.48,0.8,14.7,20.28,30.43,13.74,11.13,0.33,1.77,19.52,3.68
AA0821,1915,-700,2138,-1000,TNG,PHH,,223.47,AA0821TNGPHH,113.71,0,0.28,0.33,85.98,12.83,0,1.28,0,0.06,12.95,0
AA0821,1600,-700,1745,-700,TFB,TNG,,223.47,AA0821TFBTNG,87.26,0.64,26.36,8.9,16.59,10.07,0.65,1.95,0,19.03,1.2,1.87
AA0823,940,-700,1158,-1000,PBL,LPB,,163.82,AA0823PBLLPB,163.82,0,0.24,5.08,99.85,13.38,0,19.37,0,0.61,25.07,0.22
AA0825,705,-700,946,-1000,TBO,PHH,,165.53,AA0825TBOPHH,165.53,0,1.55,2.28,112.5,13.17,0.32,5.6,0,3.05,26.03,1.03
AA0828,1305,-1000,2111,-700,LPB,PBL,,193.78,AA0828LPBPBL,193.78,0.36,0,0.82,110.3,66.27,0.39,1.1,0,0,13.54,1
AA0830,1130,-1000,2005,-700,IOM,QEY,,212.33,AA0830IOMQEY,212.33,10.29,7.37,7.71,58.47,67.5,11.47,10.38,4.87,7.37,13.31,13.59
AA0835,920,-700,1145,-1000,PBL,IOM,,161.43,AA0835PBLIOM,161.43,1.42,0,8.56,127.86,11.3,2.09,1.75,0,0,6.23,2.22
AA0836,1405,-1000,2205,-700,IOM,PBL,,207.14,AA0836IOMPBL,207.14,0.35,0.57,3.46,156.19,24.08,0.66,6.16,0,0.51,14.85,0.31
AA0837,950,-700,1215,-1000,TKD,IOM,,153.76,AA0837TKDIOM,153.76,0,0,2.63,132.21,7.95,0,3.34,0,0,7.26,0.37
AA0838,1245,-1000,2045,-700,IOM,TKD,,182.93,AA0838IOMTKD,182.93,0,0,3.7,131.36,6.9,2.31,5.72,0,0.05,32.89,0
AA0841,810,-700,1026,-1000,PBL,PHH,,170.23,AA0841PBLPHH,170.23,0,1.57,2.1,117.28,18.64,0.77,5.43,0,1.53,22.58,0.33
AA0843,1020,-700,1330,-1000,TFB,LPB,,138.98,AA0843TFBLPB,138.98,3.84,2.35,16.31,2.35,67.39,2.5,25.29,0.91,2.35,13.35,2.34
AA0845,1545,-700,1845,-1000,CMJ,IOM,,131.06,AA0845CMJIOM,131.06,3.96,0.51,3.39,48.25,47.48,13.74,2.81,0.68,1.15,7.25,1.84
AA0846,1230,-1000,2047,-700,MJI,PBL,,185.24,AA0846MJIPBL,185.24,0,6.39,0.69,110.75,24.97,0,3.05,0,6.39,31.49,1.51
AA0848,1345,-1000,2152,-700,MJI,TKD,,151.37,AA0848MJITKD,151.37,0,7.03,0,111.96,5.24,0,1.16,0,7.03,18.95,0
AA0850,1230,-1000,2031,-700,PHH,PBL,,153.58,AA0850PHHPBL,153.58,0.93,5.64,9.11,72.96,26.14,0.5,11.42,0,3.6,19.76,3.52
AA0851,1110,-700,1418,-1000,TFB,IOM,,196.82,AA0851TFBIOM,196.82,11.14,0.59,9.21,7.99,96.44,14.01,21.56,7.47,2.26,20.56,5.59
AA0852,1314,-1000,2200,-700,IOM,TFB,,240.5,AA0852IOMTFB,240.5,9.98,5.27,34.12,4.82,76.35,19.14,32.09,2.4,5.27,42.05,9.01
AA0854,1050,-1000,1925,-700,MJI,TFB,,211.87,AA0854MJITFB,211.87,10.45,1.28,56.93,1.48,63.46,35.76,7.58,10.98,1.28,1.48,21.19
AA0858,1130,-1000,2003,-700,PHH,TFB,,320.41,AA0858PHHTFB,320.41,21.99,2.62,52.4,3.84,53.4,54.74,103.81,11,2.62,2.62,11.37
AA0859,1850,-700,2156,-1000,TFB,IOM,,129.17,AA0859TFBIOM,129.17,2.15,10.1,2.99,14,68.42,2.21,21.3,0.51,1.25,4.64,1.6
AA0860,2135,-1000,620,-700,IOM,TFB,,179.29,AA0860IOMTFB,179.29,7.66,1.83,12.42,18.3,69.65,9.24,22.31,3.41,1.83,19.89,12.75
AA0861,1105,-700,1400,-1000,QEY,PHH,,138.29,AA0861QEYPHH,138.29,0.83,1.91,6.43,0.56,76.09,0.54,20.66,0,1.46,29.52,0.29
AA0862,1050,-1000,1913,-700,PHH,QEY,,237.78,AA0862PHHQEY,237.78,20.66,2.78,35.69,5.7,97.55,18.35,19.46,14.31,2.78,8.2,12.3
AA0865,855,-700,1130,-1000,TKD,MJI,,113.57,AA0865TKDMJI,113.57,0,0.05,0,98.9,3.62,0,0,0,0,11,0
AA0867,1720,-700,2022,-1000,TFB,PHH,,113.36,AA0867TFBPHH,113.36,0,1.99,4.47,21.7,66.91,0,8.6,0,1.26,7.01,1.42
AA0870,1410,-800,1815,-1000,BOD,IOM,,154.38,AA0870BODIOM,154.38,0,0.12,5.77,90.22,30.58,0.54,0.98,0,12.79,10.17,3.21
AA0871,2055,-1000,500,-800,IOM,BOD,,191.84,AA0871IOMBOD,191.84,2.44,1.15,6.73,76.91,37.85,5.2,10.3,1.49,2.21,28.04,19.52
AA0875,935,-700,1245,-1000,TFB,MJI,,175.06,AA0875TFBMJI,175.06,3.23,2.53,20,2.49,96.41,20.21,14.06,5.3,2.53,5.1,3.2
AA0877,730,-700,1026,-1000,QEY,IOM,,123.96,AA0877QEYIOM,123.96,0.89,0.09,3.22,11.29,54.37,4.08,6.78,0.78,0,37.46,5
AA0878,2125,-1000,558,-700,PHH,TFB,,164.02,AA0878PHHTFB,164.02,8.39,0.71,4.67,0.71,100.37,14.43,15.2,1.11,0.71,4.65,13.07
AA0879,720,-700,950,-1000,PBL,MJI,,165.83,AA0879PBLMJI,165.83,0,3.9,0.96,130.96,8.46,0,4.41,0,2.31,14.69,0.14
AA0890,1345,-1000,2204,-700,PHH,TBO,,196.24,AA0890PHHTBO,196.24,0,9.23,4.2,82.12,39.05,0.22,9.01,0.37,17.21,31.7,3.13
AA0891,1000,-700,1304,-1000,TBO,IOM,,191.5,AA0891TBOIOM,191.5,1.99,0.26,2.65,109.62,28.39,1.34,4.53,0.75,0.23,40.4,1.34
AA0892,1520,-1000,2355,-700,IOM,TBO,,208.12,AA0892IOMTBO,208.12,0.32,1.62,2.93,104.63,36.38,2.24,9.8,0,1.62,48,0.58
AA0893,740,-700,959,-1000,TKD,LPB,,136.13,AA0893TKDLPB,136.13,0,0.85,0.71,109.18,9.83,0,0,0,3.8,11.76,0
AA0894,1430,-1000,2236,-700,LPB,TKD,,190.87,AA0894LPBTKD,190.87,0,6.95,2.35,136.97,7.87,0.3,1.32,0,13.41,21.38,0.32
AA0895,1020,-700,1245,-1000,TKD,PHH,,173.69,AA0895TKDPHH,173.69,0.65,9.64,5.89,96.85,27.88,2.44,7.66,0.63,4.03,16.17,1.85
AA3294,1230,-800,1530,-800,BOD,EVU,,15.44,AA3294BODEVU,15.44,1.84,0.33,0,0,6.4,0.6,0,0,0.38,0,5.89
AA3295,1615,-800,1915,-800,EVU,BOD,,37.56,AA3295EVUBOD,37.56,0,1.25,7.46,0,1.7,2.31,0,1.44,0.03,0,23.37
AA3296,1400,-800,1700,-800,BOD,EVU,,23.17,AA3296BODEVU,23.17,1.21,0.34,0.1,0.34,9.38,1.13,0.13,0,0.42,0.32,9.8
AA3297,1745,-800,2045,-800,EVU,BOD,,39.74,AA3297EVUBOD,39.74,0.65,0,18.42,0,1.11,1.97,0.74,0,0,0,16.85
AA3298,935,-800,1235,-800,BOD,EVU,,24.13,AA3298BODEVU,24.13,1.46,0.09,0.05,0.09,0.09,3.34,0.06,0.02,0.09,0.92,17.92
AA3299,1320,-800,1620,-800,EVU,BOD,,35.66,AA3299EVUBOD,35.66,0.49,0.6,8.07,0.03,3.14,3.86,2.58,0,0.63,0,16.26
AA3451,700,-700,915,-700,CVS,QEY,,84.18,AA3451CVSQEY,84.18,6.71,20.19,1.29,26.58,5.44,0.39,0.91,1,17.07,2.6,2
AA3452,955,-700,1200,-700,QEY,CVS,,88.67,AA3452QEYCVS,88.67,4.76,31.16,0.98,20.91,4.38,0,0.2,1.22,12.33,8.01,4.72
AA3453,1230,-700,1444,-700,CVS,QEY,,107.61,AA3453CVSQEY,107.61,3.88,48.78,0,29.11,1.8,0,0.45,0.35,15.23,2.74,5.27
AA3454,1415,-700,1621,-700,QEY,CVS,,69.3,AA3454QEYCVS,69.3,4.26,10.67,0,12.01,6.91,0,1.02,0,29.12,2.2,3.11
AA3455,1700,-700,1916,-700,CVS,QEY,,91.82,AA3455CVSQEY,91.82,3.26,34.27,1.13,16.3,3.66,0,0.55,1.08,27.81,1.89,1.87
AA3460,700,-700,910,-700,QEY,POU,,64.91,AA3460QEYPOU,64.91,3.82,11.67,6.07,0.5,0.84,0.57,0,0.97,36.13,3.45,0.89
AA3461,700,-700,925,-700,POU,QEY,,69.44,AA3461POUQEY,69.44,5.58,25.54,7.77,4.11,4.11,1.11,0.42,1.46,7.52,8.91,2.91
AA3462,1525,-700,1736,-700,QEY,POU,,93.71,AA3462QEYPOU,93.71,6.51,23.97,3.44,2.11,0,0,0,0.44,52.93,2.89,1.42
AA3463,945,-700,1159,-700,POU,QEY,,111.59,AA3463POUQEY,111.59,3.65,37.91,10.12,12.85,8.3,0.83,7.14,0.46,13.42,14.93,1.98
AA3464,1955,-700,2211,-700,QEY,POU,,50.74,AA3464QEYPOU,50.74,3.41,12.83,0.56,0,0,0,0.32,0.32,32.12,0,1.18
AA3465,1810,-700,2024,-700,POU,QEY,,85.36,AA3465POUQEY,85.36,2.93,25.53,2.79,15.28,3.7,0.32,2.59,0,12.6,17.13,2.49
AA3472,700,-700,935,-700,TFB,MHC,,102.08,AA3472TFBMHC,102.08,1.77,20.27,2.13,21.02,6.07,2.61,4.75,0,42.79,0,0.67
AA3473,1005,-700,1248,-700,MHC,TFB,,142.21,AA3473MHCTFB,142.21,1.86,15.83,8.87,24.69,9.62,4.41,6.61,0,50.02,17.29,3.01
AA3474,1320,-700,1600,-700,TFB,MHC,,83.54,AA3474TFBMHC,83.54,0,15.62,2.3,5.12,9.98,0.32,4.43,0,40.29,3.38,2.1
AA3475,1630,-700,1911,-700,MHC,TFB,,149.98,AA3475MHCTFB,149.98,0,2.42,4.86,1.96,0.82,2.6,10.54,0,125.67,0.82,0.29
AA3476,1640,-700,1917,-700,TFB,MHC,,55.45,AA3476TFBMHC,55.45,0.29,22.19,0.87,3.08,0.9,0,3.48,0,22.73,0.96,0.95
AA3477,1950,-700,2231,-700,MHC,TFB,,86.33,AA3477MHCTFB,86.33,0,33.03,2.34,12.13,5,0,4.11,0,27.54,0.87,1.31
AA3478,1240,-700,1500,-700,QEY,MHC,,59.39,AA3478QEYMHC,59.39,0.33,16.54,2.55,5.11,0.17,4.66,3.7,0.7,24.79,0.51,0.33
AA3479,1700,-700,1925,-700,MHC,QEY,,124.21,AA3479MHCQEY,124.21,0,35.83,2.23,4.8,0,0.74,5.36,0,73.79,1.14,0.32
AA3481,1335,-700,1607,-700,TCB,TFB,,97.62,AA3481TCBTFB,97.62,4.33,16.42,2.84,20.93,8.56,0.86,4.68,0,24.52,8.66,5.82
AA3482,1035,-700,1259,-700,TFB,TCB,,65.41,AA3482TFBTCB,65.41,0,9.65,0,4.55,1.36,0,7.17,0,40.46,1.5,0.72
AA3488,1950,-700,2158,-700,QEY,CVS,,62.82,AA3488QEYCVS,62.82,5.01,8.9,0.28,8.13,0,0,0,0.23,37.62,0.33,2.32
AA3490,1945,-700,2149,-700,TFB,GBU,,35.77,AA3490TFBGBU,35.77,0.31,5.96,0.33,0.7,4.47,0.82,8.09,0,13.19,0.35,1.55
AA3491,750,-700,1005,-700,GBU,TFB,,88.01,AA3491GBUTFB,88.01,0,11.48,0.49,2.82,11.75,0.32,15.82,0,39.96,0.08,5.29
BA2001,1820,-700,1900,-700,ZLN,TFB,,32.5,BA2001ZLNTFB,32.5,2.1,0.2,1.04,1.84,1.29,1.42,2.3,1.18,13.39,5.6,2.14
BA2002,1710,-700,1749,-700,TFB,ZLN,,93.63,BA2002TFBZLN,93.63,5.94,16.12,2.99,9.01,5.39,6.21,5.42,1.1,12.12,16.54,12.79
BA2011,1022,-700,1145,-700,TFB,NGS,,61.17,BA2011TFBNGS,61.17,8.67,1.18,2.32,0.15,20.39,7.26,8.65,2.99,0.77,3.91,4.88
BA2014,1030,-700,1120,-700,QEY,TFB,,188.64,BA2014QEYTFB,188.64,21.64,20.41,15.69,21.38,17.25,3.63,11.55,0.45,36.13,17.51,23
BA2015,1205,-700,1253,-700,TFB,QEY,,30.55,BA2015TFBQEY,30.55,4.49,7.49,0.44,1.78,2.86,0,2.59,0,2.54,0.67,7.69
BA2018,1130,-700,1221,-700,QEY,TFB,,136,BA2018QEYTFB,136,3.59,27.93,10.94,11.36,24.81,4.62,7.44,6.76,14.99,6.68,16.88
BA2019,2100,-700,2142,-700,QEY,SEN,,46.1,BA2019QEYSEN,46.1,2.73,4.38,2.34,9.01,8.75,2.93,2.5,1.47,5.97,3.17,2.85
BA2024,1345,-700,1433,-700,TFB,ZWS,,39.86,BA2024TFBZWS,39.86,2.38,2.18,2.14,5.29,7.85,0.47,6.62,1.46,2.14,2.07,7.26
BA2026,1700,-700,1747,-700,QEY,TFB,,50.16,BA2026QEYTFB,50.16,5.99,4.72,2.86,1.34,4.72,2.09,7.1,0.36,10.74,4.24,6
BA2033,1145,-700,1235,-700,ZWS,TFB,,66.47,BA2033ZWSTFB,66.47,0.46,18.18,2.11,13.05,6.34,1.27,4.12,2.11,13.89,1.64,3.3
BA2034,745,-700,828,-700,SEN,QEY,,109.3,BA2034SENQEY,109.3,5.59,24.47,3.97,19.23,10.79,4.5,7.08,3.45,16.01,7.43,6.78
BA2039,1000,-700,1051,-700,TFB,QEY,,40.8,BA2039TFBQEY,40.8,6,6.61,0.65,0.02,4.51,0.33,6.38,0,7.27,3.86,5.17
BA2040,1545,-700,1625,-700,FVH,QEY,,61.16,BA2040FVHQEY,61.16,3.25,9.98,3.71,7.27,2.76,1.66,0.66,0.26,27.17,2,2.44
BA2042,2000,-700,2050,-700,QEY,TFB,,30.76,BA2042QEYTFB,30.76,2.74,8.28,1.69,2.86,1.88,0.82,1.28,1.07,4.64,1.71,3.79
BA2043,1300,-700,1350,-700,TFB,QEY,,53.88,BA2043TFBQEY,53.88,4.84,10.68,2.97,3.35,5.53,0.95,3.41,0.33,16.24,0.68,4.9
BA2044,1500,-700,1547,-700,QEY,TFB,,41.22,BA2044QEYTFB,41.22,3.86,8.24,1.24,0.81,3.43,0.28,4.58,0,6.41,4.38,7.99
BA2045,2000,-700,2049,-700,TFB,QEY,,26.74,BA2045TFBQEY,26.74,4.25,6.24,0,0.31,3.6,1.66,1.87,1,1.66,0.33,5.82
BA2046,1730,-700,1817,-700,QEY,TFB,,34.4,BA2046QEYTFB,34.4,3.02,10.98,2.64,1.62,5,0,2.81,1.09,3.27,1.14,2.83
BA2047,1900,-700,1949,-700,TFB,QEY,,47.95,BA2047TFBQEY,47.95,13.66,6.25,0.33,6.22,1.28,0.33,4.79,0,3.04,3.26,8.79
BA2048,700,-700,807,-700,QEY,HFH,,61.75,BA2048QEYHFH,61.75,16.05,6.13,0.98,1.71,1.53,0.57,2.3,0.29,28.92,0.32,2.95
BA2049,1255,-700,1407,-700,HFH,QEY,,81.53,BA2049HFHQEY,81.53,4.03,13.11,2.18,6.28,4.23,0.61,4.83,0.69,35.15,4.5,5.92
BA2051,1100,-700,1151,-700,TFB,QEY,,51.19,BA2051TFBQEY,51.19,5.61,10.5,0.32,0.88,7.34,0.98,4.32,0,15.53,4.09,1.62
BA2052,1830,-700,1920,-700,QEY,TFB,,35.31,BA2052QEYTFB,35.31,8.56,2.55,3.72,0.64,6.72,0,3.76,0.56,2.71,1.25,4.84
BA2055,2030,-700,2119,-700,TFB,QEY,,14.85,BA2055TFBQEY,14.85,1.98,3.22,0,0.33,0.64,0,0.96,0,0.98,1.28,5.46
BA2056,2030,-700,2120,-700,QEY,TFB,,33.97,BA2056QEYTFB,33.97,2.54,6.46,0.57,1.39,2.7,0,1.75,0.32,11.83,1.94,4.47
BA2057,1700,-700,1750,-700,TFB,QEY,,52.07,BA2057TFBQEY,52.07,9.06,9.7,0.94,1.05,2.51,0.67,8.75,0,13.96,0.33,5.1
BA2061,1600,-700,1649,-700,TFB,QEY,,51.16,BA2061TFBQEY,51.16,4.82,15.05,0.01,3.07,2.24,0.4,4.31,0.4,9.95,3.16,7.75
BA2064,1658,-700,1738,-700,TFB,FBU,,87.99,BA2064TFBFBU,87.99,3.92,11.35,3.5,9.09,3.43,5.78,5.77,0.71,11.48,29.7,3.26
BA2068,1330,-700,1419,-700,QEY,TFB,,67.03,BA2068QEYTFB,67.03,5.7,8.72,1.78,3.71,8.49,0.22,4.96,0,24.49,1.6,7.36
BA2069,1810,-700,1851,-700,FBU,TFB,,32.75,BA2069FBUTFB,32.75,4.08,1.76,1.32,2.32,0.33,3.69,0.33,1.33,11.54,3.36,2.69
BA2071,700,-700,822,-700,TKD,MBY,,77.21,BA2071TKDMBY,77.21,0,24.76,0,7.97,1.66,5.66,1.52,0,33.74,1.9,0
BA2076,1755,-700,1915,-700,MBY,TKD,,78.94,BA2076MBYTKD,78.94,0.33,25.81,0.66,4.8,2.88,8.64,2.3,0,25.87,3.68,3.97
BA2077,1946,-700,2109,-700,TKD,MBY,,51.65,BA2077TKDMBY,51.65,0,16.23,0.33,2.98,0.99,7.98,0.33,0,20.49,2.32,0
BA2078,2150,-700,2311,-700,MBY,TKD,,75.93,BA2078MBYTKD,75.93,0.33,29.71,0.48,7.28,2.42,7.22,1.32,0,21.88,0.66,4.63
BA2079,1430,-700,1529,-700,BMX,TFB,,40.28,BA2079BMXTFB,40.28,2.85,6,0.28,4.61,7.3,2.71,3.33,1.34,8.77,0.61,2.48
BA2081,1156,-700,1235,-700,QEY,FVH,,30.77,BA2081QEYFVH,30.77,2.67,4.91,2.82,7.61,2.71,0.64,0.33,0.66,4.11,3.36,0.95
BA2082,1554,-700,1635,-700,SEN,QEY,,46.01,BA2082SENQEY,46.01,3.24,5.26,1.72,1.93,1.97,0.99,1.33,2.99,24.03,0.95,1.6
BA2083,1440,-700,1524,-700,QEY,SEN,,25.51,BA2083QEYSEN,25.51,2.38,5.95,1.46,3.35,3.19,2.56,1.63,0.3,2.52,0.35,1.82
BA2086,1955,-700,2049,-700,TFB,BMX,,38.65,BA2086TFBBMX,38.65,0.67,9.2,0,3.66,6.94,5.68,2.01,0.67,3,4.84,1.98
BA2087,650,-700,749,-700,BMX,TFB,,76.33,BA2087BMXTFB,76.33,2.92,6.08,0.67,6.64,19.19,7.1,4.98,1.36,11.42,3.45,12.52
BA2091,2100,-700,2159,-700,QEY,NGS,,56.34,BA2091QEYNGS,56.34,3.28,5.65,3.67,6.47,9.91,2.95,3.81,1.25,9.8,6.71,2.84
BA2092,630,-700,719,-700,QEY,TFB,,261.5,BA2092QEYTFB,188.57,22.52,14.02,16.14,13.34,21.13,4.21,18.21,3.4,23.09,16.81,35.7
BA2092,500,-700,558,-700,NGS,QEY,,261.5,BA2092NGSQEY,59.66,1.63,13.06,6.39,8.57,11.3,0.6,2.41,0.33,10.04,2.69,2.64
BA2093,1725,-700,1824,-700,QEY,NGS,,60.92,BA2093QEYNGS,60.92,0.68,6.79,9.52,5.84,15.91,3.97,3.25,1.09,4.52,4.84,4.51
BA2094,1855,-700,1954,-700,NGS,QEY,,69.95,BA2094NGSQEY,69.95,5.26,1.17,14.25,2.27,10.93,13.48,4.97,1.72,5.39,7.27,3.24
BA2095,1230,-700,1329,-700,QEY,NGS,,61.41,BA2095QEYNGS,61.41,1.69,8.35,6.55,7.54,15.21,5.8,6.77,1.36,2,2.46,3.68
BA2096,1300,-700,1359,-700,TFB,BMX,,40.01,BA2096TFBBMX,40.01,3.36,8.52,1.53,1.75,8.64,3.11,1.98,0.33,5.13,2.7,2.96
BA2098,1400,-700,1457,-700,NGS,QEY,,67.57,BA2098NGSQEY,67.57,1.84,6.4,8.9,2.44,15.24,8.34,4.14,1.52,11.44,5.31,2
BA2100,2240,-700,2328,-700,TFB,QTD,,51.09,BA2100TFBQTD,51.09,2.78,2.83,0.87,9.33,10.63,4.67,2.8,1.7,3.53,6.46,5.49
BA2101,600,-700,652,-700,QTD,TFB,,94.5,BA2101QTDTFB,94.5,1.77,23.43,6.27,13.37,12.71,1.84,6.12,0.02,9.54,5.06,14.37
BA2102,745,-700,835,-700,TFB,QTD,,36.89,BA2102TFBQTD,36.89,7.05,0.63,1.33,5.13,7.86,5.53,0.99,1,0,1.33,6.04
BA2103,905,-700,957,-700,QTD,TFB,,126.29,BA2103QTDTFB,126.29,6.95,18.84,2.32,10.94,14.83,8.29,15.59,3.05,30.44,5.85,9.19
BA2104,1005,-700,1055,-700,TFB,QTD,,24.38,BA2104TFBQTD,24.38,3.15,0.01,1.23,2.67,4.26,3.22,0.67,2.2,1.37,1.76,3.84
BA2105,1125,-700,1217,-700,QTD,TFB,,94.18,BA2105QTDTFB,94.18,4.73,14.3,5.72,10.12,15,5.38,1.24,1.72,24.27,6.52,5.18
BA2106,1335,-700,1428,-700,TFB,QTD,,75.08,BA2106TFBQTD,75.08,2.89,5.9,3.49,12.29,16.76,5.09,4.88,0.64,7.59,3.06,12.49
BA2107,1500,-700,1552,-700,QTD,TFB,,44.59,BA2107QTDTFB,44.59,3.86,4.9,0.89,6.43,5.29,3.44,1.23,0.58,9.05,3.35,5.57
BA2108,1610,-700,1700,-700,TFB,QTD,,56.4,BA2108TFBQTD,56.4,3.26,6.46,0.61,1.6,12.33,4.34,1.44,2.79,8.58,5.52,9.47
BA2109,1730,-700,1822,-700,QTD,TFB,,46.58,BA2109QTDTFB,46.58,3.84,5.07,0.99,3.79,6.72,4.85,0.96,0.57,15.06,0.99,3.74
BA2110,1835,-700,1924,-700,TFB,QTD,,36.39,BA2110TFBQTD,36.39,2.41,2.54,1.1,1.3,7.26,4.04,6.77,1.65,3.08,0.84,5.4
BA2111,1955,-700,2046,-700,QTD,TFB,,20.63,BA2111QTDTFB,20.63,2.92,2.4,0,3.26,4.25,2.05,0.9,1.21,0.3,0.65,2.69
BA2114,2038,-700,2323,-600,TFB,ZZD,,31.65,BA2114TFBZZD,31.65,0,2.03,0,1.62,2.32,0,4.67,0.91,10.91,3.56,5.63
BA2115,630,-600,719,-700,ZZD,TFB,,35.47,BA2115ZZDTFB,35.47,0,2.76,1.23,0.35,4.66,0.34,2.16,2,12.97,4.38,4.62
BA2116,910,-700,1156,-600,TFB,ZZD,,56.07,BA2116TFBZZD,56.07,0,4.1,0.33,3.84,0.67,0,14.68,4.34,19.07,0.67,8.37
BA2117,1240,-600,1328,-700,ZZD,TFB,,43.83,BA2117ZZDTFB,43.83,0.33,4.23,0,4.21,4.32,0.79,6.11,2.03,16.85,2,2.96
BA2118,1420,-700,1705,-600,TFB,ZZD,,48.57,BA2118TFBZZD,48.57,1.24,19.59,0.33,0.71,1.67,0,4.51,1.49,14.41,1.47,3.15
BA2119,1745,-600,1834,-700,ZZD,TFB,,29.91,BA2119ZZDTFB,29.91,0.37,3.61,0,0.33,2.48,0.61,4.95,2.66,11.98,0,2.92
BA2121,730,-700,821,-700,TFB,QEY,,71.57,BA2121TFBQEY,71.57,10.63,23.12,0.96,1.19,6.25,0.99,7.16,0.27,15.02,1.08,4.9
BA2129,800,-700,850,-700,TFB,QEY,,49.83,BA2129TFBQEY,49.83,10.08,9.37,1.25,1.71,4.93,0.42,8.01,0,7.43,2.84,3.79
BA2130,1900,-700,1950,-700,QEY,TFB,,31.09,BA2130QEYTFB,31.09,3.6,1.41,2.32,0.31,2.65,1.05,4.27,0.82,6.68,0.6,7.38
BA2132,1600,-700,1649,-700,QEY,TFB,,58.13,BA2132QEYTFB,58.13,4.27,12.81,0.97,3.01,5.33,0.84,5.71,0.53,10.95,7.71,6
BA2133,1540,-600,1611,-700,CPJ,TFB,,65.41,BA2133CPJTFB,65.41,5.5,4.57,2.11,21.76,6.41,5.01,6.54,2.36,5.84,3.25,2.06
BA2134,2255,-700,2336,-700,TFB,FBU,,45.51,BA2134TFBFBU,45.51,3.05,5.41,1.2,1.69,3.25,2.01,2.87,1.29,7.21,14.63,2.9
BA2135,2130,-700,2217,-700,TFB,QEY,,27.5,BA2135TFBQEY,27.5,2.35,4.26,1.94,2.59,4.45,1.12,1.86,0,0.52,1.06,7.35
BA2136,710,-700,933,-600,TFB,CPJ,,112.56,BA2136TFBCPJ,112.56,10.53,0.06,3.12,17.54,9.45,38.08,14.04,6.41,2.53,0.35,10.45
BA2138,2100,-700,2159,-700,TFB,HFH,,23.58,BA2138TFBHFH,23.58,3.35,0,0,3.71,0,4.74,1.32,1.33,1.02,3.67,4.44
BA2140,1633,-700,1900,-600,TFB,CPJ,,50.18,BA2140TFBCPJ,50.18,4.37,3.49,1.13,17.39,2.61,9.47,6.4,1.57,1.31,0.67,1.77
BA2142,1740,-700,2007,-600,TFB,CPJ,,20.06,BA2142TFBCPJ,20.06,1.23,0,2.67,7.76,0,1.86,2,0.67,0,2,1.87
BA2148,1240,-700,1510,-600,TFB,CPJ,,71.8,BA2148TFBCPJ,71.8,4.32,3.69,2.22,26.16,5.7,10.19,4.24,1.49,6.47,1.46,5.86
BA2151,1500,-700,1551,-700,TFB,QEY,,58.85,BA2151TFBQEY,58.85,5.2,14.74,0.32,1.19,8.29,1.06,4.85,0.72,1.67,15.25,5.56
BA2155,600,-700,641,-700,FBU,TFB,,77.95,BA2155FBUTFB,77.95,2.81,10.43,2.09,5.1,2.93,5.92,6.35,1.65,10.94,27.21,2.52
BA2158,950,-700,1029,-700,TFB,FBU,,19.94,BA2158TFBFBU,19.94,3.76,0.56,0.47,2.5,1.02,1.38,2.06,0.04,1.88,3.72,2.55
BA2159,1105,-700,1149,-700,FBU,TFB,,64.2,BA2159FBUTFB,64.2,4.19,6.53,4.1,7.21,2.48,2.96,4.49,0.77,16.43,10.44,4.6
BA2162,1630,-700,1719,-700,QEY,TFB,,35.18,BA2162QEYTFB,35.18,3.74,6.21,0.32,3.14,3.11,2.33,3.33,0,5.35,4.34,3.31
BA2167,1205,-700,1329,-700,TKD,QTQ,,193.87,BA2167TKDQTQ,23.36,1.34,0,3,0,0,0,4,1.33,0,13.36,0.33
BA2167,920,-700,1128,-700,QEY,TKD,,193.87,BA2167QEYTKD,138.15,6.11,40.05,22.61,19.67,3.99,10.19,9.38,0,7.6,6.45,12.1
BA2168,1620,-700,1821,-700,TKD,QEY,,160.06,BA2168TKDQEY,58.38,0.33,7.68,8,7.58,1.34,5.72,5.53,0,18.31,2.91,0.98
BA2168,1405,-700,1541,-700,QTQ,TKD,,160.06,BA2168QTQTKD,48.41,5.18,0.44,13.37,0.44,2.37,5.57,2.15,1.6,2.11,14.24,0.94
BA2170,1430,-700,1519,-700,QEY,TFB,,47.67,BA2170QEYTFB,47.67,4.65,11.79,1.66,4.34,3.53,2.78,4.66,0,6.54,3.53,4.19
BA2172,930,-700,1019,-700,QEY,TFB,,169.76,BA2172QEYTFB,169.76,27.5,19.96,23.61,13.47,24.31,2.04,4.87,3.13,8.29,11.42,31.16
BA2174,2130,-700,2221,-700,QEY,TFB,,17.24,BA2174QEYTFB,17.24,2.98,1.92,0.29,0.29,2.23,0.31,2.23,0,2.68,0.44,3.87
BA2175,2300,-700,2345,-700,TFB,QEY,,27.54,BA2175TFBQEY,27.54,1.28,2.59,1.13,6.27,2.24,0.79,4.01,0.3,3.85,3.11,1.97
BA2179,1725,-700,1824,-700,TFB,SEN,,42.89,BA2179TFBSEN,42.89,3.6,3.68,1.87,1.07,0.33,2.8,17.66,3.78,1.28,3.98,2.84
BA2181,1400,-700,1452,-700,TFB,QEY,,34.41,BA2181TFBQEY,34.41,3.55,6.97,0,2.57,3.28,1.99,2.73,0,9.39,0.67,3.26
BA2192,1800,-700,1858,-700,TFB,HFH,,38.24,BA2192TFBHFH,38.24,5.65,0.01,0,9.7,2.67,7.19,5.98,2.33,0.04,0,4.67
BA2193,1930,-700,2034,-700,HFH,TFB,,49.92,BA2193HFHTFB,49.92,5.85,0.9,1.06,15.28,2.1,5.96,2.31,1.82,7.83,1.3,5.51
BA2196,1537,-700,1648,-700,MBY,NNI,,38.15,BA2196MBYNNI,38.15,3,9.79,0,6.16,0.33,5.67,0,0.33,9.88,0,2.99
BA2199,1718,-700,1832,-700,NNI,MBY,,47.52,BA2199NNIMBY,47.52,3.67,8.15,0.66,4.66,0,4.99,0.43,0.33,15.35,0.68,8.6
BA2202,945,-700,1023,-700,TFB,ZLN,,19.43,BA2202TFBZLN,19.43,3.12,0.03,2.12,0.02,0.02,1.79,1.82,0.02,0.36,5.67,4.46
BA2203,1055,-700,1137,-700,ZLN,TFB,,77.81,BA2203ZLNTFB,77.81,4.2,9.13,3.5,2.58,3.19,0.61,5.37,0.66,21.7,14.62,12.25
BA2204,2300,-700,2353,-700,TFB,ZWS,,25.06,BA2204TFBZWS,25.06,0.59,4.96,0,1.53,5.38,3.38,1.54,1.53,2.28,1.89,1.98
BA2207,600,-700,640,-700,ZLN,TFB,,108.99,BA2207ZLNTFB,108.99,8.84,10.76,2,5.3,5.03,11.35,8.49,0.26,9.47,35.83,11.66
BA2208,2255,-700,2335,-700,TFB,ZLN,,51.89,BA2208TFBZLN,51.89,2.12,7.48,2.35,4.15,3.99,2.54,5.27,1.01,8.84,11.54,2.6
BA2213,1755,-700,1902,-700,QVX,TFB,,32.88,BA2213QVXTFB,32.88,5.76,1.99,2.77,6,4.37,0.67,0.76,0,6.89,1.32,2.35
BA2214,2216,-700,2317,-700,TFB,QVX,,36.86,BA2214TFBQVX,22.89,1.66,2.53,3.82,5,0,0.43,0.66,0,2.28,1.1,5.41
BA2214,2337,-700,2358,-700,QVX,MXT,,36.86,BA2214QVXMXT,0,0,0,0,0,0,0,0,0,0,0,0
BA2215,600,-700,622,-700,MXT,QVX,,207.14,BA2215MXTQVX,1,0,0,0,0.33,0,0,0,0,0,0,0.67
BA2215,645,-700,753,-700,QVX,TFB,,207.14,BA2215QVXTFB,149.61,3.74,24.8,22.04,31.72,17.07,4.33,5.52,0.22,10.85,20.96,8.36
BA2216,945,-700,1050,-700,TFB,QVX,,17.69,BA2216TFBQVX,17.69,3.51,0.34,5.3,2.28,3.58,0,0.25,0,1.02,0.39,1.02
BA2217,1420,-700,1524,-700,TFB,MXT,,73.83,BA2217TFBMXT,42.02,3.44,7.26,6.17,10.15,5.23,0,0.82,0.33,4.63,0.99,3
BA2217,1555,-700,1745,-600,MXT,CPJ,,73.83,BA2217MXTCPJ,24.23,4.52,0,7.49,0,0,3.97,0,2.94,0.33,1.91,3.07
BA2218,1845,-700,1955,-700,MXT,TFB,,65.07,BA2218MXTTFB,25.09,2.36,1.49,2.95,5.99,3.56,0,0.47,0,4.19,1.2,2.88
BA2218,1823,-600,1815,-700,CPJ,MXT,,65.07,BA2218CPJMXT,28.35,3.57,0.03,13.3,0.03,0,4.2,0,4.54,1.36,0.33,0.99
BA2219,1120,-700,1228,-700,QVX,TFB,,64.37,BA2219QVXTFB,64.37,2.86,2.41,5.53,16.5,11.45,1.09,2.97,0,6.58,7.03,7.95
BA2220,1620,-700,1725,-700,TFB,QVX,,37.82,BA2220TFBQVX,37.82,1.68,7.6,3,12.74,3.62,0.02,0.4,0.02,2.95,2.23,3.56
BA2222,1155,-700,1259,-700,SEN,TFB,,81.02,BA2222SENTFB,81.02,3.42,8.9,2.21,1.7,3.99,4.27,9.62,2.94,34.68,4.63,4.66
BA2223,1536,-700,1753,-600,QEY,CPJ,,70.52,BA2223QEYCPJ,70.52,7.21,12.85,1.89,10.65,7.95,7.82,0.33,2.72,12.84,1.62,4.64
BA2225,1900,-700,2004,-700,HFH,TFB,,38.93,BA2225HFHTFB,38.93,4.04,1.75,1.59,8.48,1.15,2.72,5.07,1.59,10.52,0.65,1.37
BA2227,620,-700,710,-700,ZWS,TFB,,44.4,BA2227ZWSTFB,44.4,1.36,7.33,0.51,6.3,11.27,2.06,4.68,1.18,1.89,3,4.82
BA2231,1630,-600,1700,-700,CPJ,TFB,,63.44,BA2231CPJTFB,63.44,7.61,0,2.15,10.81,2.32,3.14,3.6,0.89,26.34,3.71,2.87
BA2232,2140,-700,2250,-700,QEY,ZWS,,15.77,BA2232QEYZWS,15.77,0.32,6.14,0,1.34,2.31,0.83,0.32,1.48,1.36,0,1.67
BA2233,1635,-700,1726,-700,ZWS,TFB,,40.22,BA2233ZWSTFB,40.22,1.6,12.8,0.33,4.37,5.66,0.66,2.19,1.54,6.15,0.66,4.26
BA2234,1000,-700,1100,-700,TFB,HFH,,27.32,BA2234TFBHFH,27.32,5.34,0,0,6.68,1,6.99,2.67,2.33,0,0,2.31
BA2235,1130,-700,1234,-700,HFH,TFB,,116.02,BA2235HFHTFB,116.02,4.79,28.71,1.56,21.44,5.26,4.55,5.4,4.98,23.4,8,7.93
BA2236,1310,-700,1350,-700,SEN,QEY,,43.91,BA2236SENQEY,43.91,2.8,6.81,1.09,3.6,5.47,2.24,1.65,0.8,16,1.51,1.94
BA2237,1250,-600,1321,-700,CPJ,TFB,,115.44,BA2237CPJTFB,115.44,7.57,13.34,2.07,33.28,7.46,9.54,14.92,5.43,7.45,6.43,7.95
BA2239,1930,-600,2003,-700,CPJ,TFB,,40.83,BA2239CPJTFB,40.83,4.67,2.91,0.61,8.77,1.94,4.81,6.73,0,4.98,1.35,4.06
BA2241,1530,-700,1634,-700,HFH,TFB,,71.04,BA2241HFHTFB,71.04,4.58,2.91,1.07,20.04,4.87,5.72,4.96,3.61,5,4.96,13.32
BA2242,1845,-700,1933,-700,TFB,ZWS,,45.63,BA2242TFBZWS,45.63,1.84,5.81,0.35,5.55,10.88,2.22,4.29,1.55,4.35,2.26,6.53
BA2243,2009,-700,2100,-700,ZWS,TFB,,30.88,BA2243ZWSTFB,30.88,1.94,2.29,0.3,1.21,6.99,0.45,1,0.96,4.68,6.23,4.83
BA2246,730,-700,822,-700,QEY,TFB,,188.37,BA2246QEYTFB,188.37,24.02,29.51,14.12,15.72,31.25,4.96,7.48,5.43,11.39,9.56,34.93
BA2248,1700,-700,1759,-700,TFB,HFH,,39.26,BA2248TFBHFH,39.26,4.69,2.12,0.33,8.39,3.7,5.69,2.03,2.99,2.99,1.67,4.66
BA2249,1830,-700,1937,-700,HFH,TFB,,45.76,BA2249HFHTFB,45.76,4.32,4.71,1.59,8,3.2,5,1.97,3.09,5.85,2.11,5.92
BA2250,705,-700,910,-700,SOP,TFB,,106.27,BA2250SOPTFB,106.27,8.99,18.85,4.37,15.33,24.63,0.01,4.25,0,4.1,11.04,14.7
BA2255,1915,-700,2112,-700,TFB,SOP,,41.44,BA2255TFBSOP,41.44,4.39,5.02,5.93,13.15,0.88,0,0.33,0,0.16,9.07,2.51
BA2259,1500,-700,1700,-700,TFB,SOP,,72.62,BA2259TFBSOP,72.62,8.2,16.95,2.33,19.23,4.65,0.05,2.79,0.04,5.48,9.22,3.68
BA2264,720,-700,812,-700,TFB,ZWS,,17.4,BA2264TFBZWS,17.4,2.2,0.54,0.6,3.61,1.6,0.82,1.25,2.72,1.31,0.6,2.15
BA2265,850,-700,940,-700,ZWS,TFB,,98.52,BA2265ZWSTFB,98.52,0.79,18.24,1.07,16.91,5.75,2.91,4.77,3.45,24.3,14.92,5.41
BA2266,1045,-700,1137,-700,TFB,ZWS,,38.92,BA2266TFBZWS,38.92,1.67,3.67,1.02,4.19,11.54,1.33,5.73,1.21,2.27,3.36,2.93
BA2267,1230,-700,1321,-700,ZWS,TFB,,37.22,BA2267ZWSTFB,37.22,1.24,12.63,0.71,2.36,4.84,0,2.82,0.33,10,0.02,2.27
BA2268,2130,-700,2354,-600,TFB,CPJ,,47.1,BA2268TFBCPJ,47.1,5.57,1.61,2.04,12.63,7.55,4.22,2.62,1.87,0.33,4.5,4.16
BA2269,645,-600,721,-700,CPJ,TFB,,148.29,BA2269CPJTFB,148.29,8.48,6.31,4.88,46.45,13.65,8.67,23.21,4.56,3.69,11.97,16.42
BA2270,1900,-700,1959,-700,TFB,HFH,,38.51,BA2270TFBHFH,38.51,4.67,1.84,0,11.65,0.33,9.05,4.33,1.33,0,0.99,4.32
BA2273,1025,-700,1123,-700,TFB,SEN,,44.1,BA2273TFBSEN,44.1,6.97,1.95,1.6,0,1,6.67,12.95,6.01,0.69,1.17,5.09
BA2278,1855,-700,1958,-700,SEN,TFB,,27.97,BA2278SENTFB,27.97,2.41,3.1,0,3.6,1.76,2.96,3.25,1.47,3.93,1,4.49
BA2280,650,-700,752,-700,FVH,TFB,,87.47,BA2280FVHTFB,87.47,8.94,15.55,2.84,9.26,5.5,3.64,10.03,1.78,9.01,8.45,12.47
BA2281,2255,-700,2355,-700,TFB,FVH,,37.12,BA2281TFBFVH,37.12,0.33,9.14,0,4.3,3.34,2.15,5.92,0.65,4.44,3.87,2.98
BA2284,1325,-700,1550,-600,TFB,GDB,,64.97,BA2284TFBGDB,64.97,5.37,7.06,4.06,5.2,5.34,3.38,12.5,3.68,9.27,2.46,6.65
BA2285,1620,-600,1650,-700,GDB,TFB,,54.7,BA2285GDBTFB,54.7,4.5,7.45,3.07,1.93,3.77,4.02,14,2.1,9.31,1.33,3.22
BA2288,2135,-700,2356,-600,TFB,GDB,,50.48,BA2288TFBGDB,50.48,2.82,7.03,2.27,4.44,2.76,5.63,4.94,0.98,5.05,7.8,6.76
BA2289,600,-600,630,-700,GDB,TFB,,66.2,BA2289GDBTFB,66.2,7.11,4.69,7.92,3.64,9.62,4.11,7.82,3.26,4.64,7.68,5.71
BA2294,605,-700,708,-700,SEN,TFB,,98.53,BA2294SENTFB,98.53,6.82,18.95,10.84,8.35,8.58,7.79,12.06,0.26,13.95,4.71,6.22
BA2295,825,-700,927,-700,TFB,FVH,,34.56,BA2295TFBFVH,34.56,7.58,0.39,0.68,1.03,1.33,3.33,5.29,6.88,0.19,2.55,5.31
BA2296,1000,-700,1106,-700,FVH,TFB,,145.13,BA2296FVHTFB,145.13,6.57,28.2,5.7,10.98,25.11,8.07,23.34,6.62,6.82,10.15,13.57
BA2297,2225,-700,2326,-700,TFB,SEN,,30.99,BA2297TFBSEN,30.99,2.88,8.37,1.57,0.34,3.23,4.13,1.99,0.67,2.47,0.01,5.33
BA2298,1854,-700,1957,-700,FVH,TFB,,36.43,BA2298FVHTFB,36.43,3.86,7.28,1.43,0.53,2.73,4.32,5.51,1.54,4.62,1.56,3.05
BA2299,1720,-700,1822,-700,TFB,FVH,,50.67,BA2299TFBFVH,50.67,3.94,8.2,2.77,8.23,1.35,6.79,8.62,3.95,1.23,1.35,4.24
BA2301,1830,-600,1850,-700,CPJ,QEY,,63.44,BA2301CPJQEY,63.44,6.6,17.5,1.31,5.41,2.96,5.59,1.36,0.83,13.44,5.71,2.73
BA2302,2045,-700,2351,-600,TFB,CJM,,47.59,BA2302TFBCJM,47.59,2.62,5.16,3.35,2.55,2.8,2.89,7.22,3.11,12.08,1.74,4.07
BA2311,635,-700,855,-600,QEY,CPJ,,61.52,BA2311QEYCPJ,61.52,12.54,19.13,0.33,4.82,6.27,8.52,0,1.4,6.73,0.66,1.12
BA2314,1510,-700,1559,-700,TFB,ZWS,,27.07,BA2314TFBZWS,27.07,3.75,7.19,0,2.52,7.46,0.67,1.9,0,0.69,1.28,1.61
BA2321,620,-600,651,-600,IMO,HUG,,47.45,BA2321IMOHUG,0,0,0,0,0,0,0,0,0,0,0,0
BA2321,715,-600,806,-700,HUG,TFB,,47.45,BA2321HUGTFB,24.28,3.65,1.75,0,1.27,5.22,1.21,3.46,1,0.89,0.41,5.42
BA2324,2025,-700,2306,-600,TFB,HUG,,57.51,BA2324TFBHUG,41.63,1.98,5.26,2.3,4.99,3.88,3.33,4.83,1.98,7.42,1.35,4.31
BA2324,2326,-600,2357,-600,HUG,IMO,,57.51,BA2324HUGIMO,0,0,0,0,0,0,0,0,0,0,0,0
BA2325,1156,-700,1236,-700,QEY,SEN,,41.1,BA2325QEYSEN,41.1,4.42,4.16,2.95,3.75,5.12,3.22,5.26,1.82,3.98,2.07,4.35
BA2326,1530,-600,1620,-700,IMO,TFB,,120.57,BA2326IMOTFB,44.6,2.99,3.58,1.28,0.33,5.37,1.66,6.38,1.67,5.91,11.63,3.8
BA2326,1115,-700,1357,-600,TFB,HUG,,120.57,BA2326TFBHUG,39.54,5.33,1.85,1.08,1.61,3.56,1.76,13.94,2.11,3.25,1.25,3.8
BA2326,1427,-600,1456,-600,HUG,IMO,,120.57,BA2326HUGIMO,0.99,0,0,0,0.99,0,0,0,0,0,0,0
BA2327,1030,-700,1135,-700,HFH,TFB,,113.28,BA2327HFHTFB,113.28,6.51,17.88,3.53,23.66,4.81,3.72,10.75,1.04,22.64,6.7,12.04
BA2328,930,-700,1029,-700,NGS,QEY,,89.28,BA2328NGSQEY,89.28,1.72,14.36,9.73,12.08,18.13,7.11,4.45,1.98,10.97,5.83,2.92
BA2329,800,-700,859,-700,QEY,NGS,,62.07,BA2329QEYNGS,62.07,2.57,0,14.23,2.57,11.51,14,10.25,1,0,0.29,5.65
BA2331,1230,-700,1334,-700,HFH,TFB,,103.71,BA2331HFHTFB,103.71,3.72,8.77,4.61,32.7,9.54,1.51,8.12,0.56,17.12,7.21,9.85
BA2332,1100,-700,1200,-700,TFB,HFH,,23.81,BA2332TFBHFH,23.81,4.33,2.11,0,2.98,1,3.33,4.07,0.33,2,0,3.66
BA2338,520,-700,600,-700,FVH,QEY,,107.09,BA2338FVHQEY,107.09,2.64,27.66,7.47,12.27,9.22,8.97,2.53,1.29,27.1,3.4,4.54
BA2339,2040,-700,2117,-700,QEY,FVH,,31.94,BA2339QEYFVH,31.94,0.81,4.56,4.91,6.91,1.8,1.81,2.1,0.33,3.92,3.94,0.85
BA2340,2135,-700,2359,-600,TFB,NTP,,36.22,BA2340TFBNTP,36.22,1.99,7.2,2.35,1.33,2.87,1.86,4.46,2,5.51,3.08,3.57
BA2347,700,-600,730,-700,NTP,TFB,,132.23,BA2347NTPTFB,132.23,9.94,12.17,5.31,12.59,7.22,10.03,23.54,9.26,19.78,10.68,11.71
BA2348,1030,-700,1255,-600,TFB,NTP,,64.09,BA2348TFBNTP,64.09,6.32,10.84,2.58,3.71,2.96,5.3,13.93,5.64,3.31,4.38,5.12
BA2349,1325,-600,1354,-700,NTP,TFB,,97.6,BA2349NTPTFB,97.6,11.36,7.59,2.19,6.96,4.48,3.13,29.72,2.87,9.04,5.86,14.4
BA2350,1115,-700,1225,-700,QEY,HFH,,36.36,BA2350QEYHFH,36.36,4.64,5.5,0,0.32,0.91,0,1.25,0,20.79,0.29,2.66
BA2351,610,-700,725,-700,HFH,QEY,,105.16,BA2351HFHQEY,105.16,6.1,12.33,2.93,9.33,8.31,1.45,12.31,3.28,36.77,4.79,7.56
BA2352,900,-700,1007,-700,QEY,HFH,,42.21,BA2352QEYHFH,42.21,11.42,4.49,0.33,0.32,2.31,0,3.64,0.57,17.9,0,1.23
BA2353,840,-700,953,-700,HFH,QEY,,108.92,BA2353HFHQEY,108.92,9.06,10.03,1.93,8.44,2.45,2.78,8.7,3.05,49.59,6.01,6.88
BA2354,1350,-700,1456,-700,QEY,HFH,,56.79,BA2354QEYHFH,56.79,5.85,8.39,1.3,3.22,3.78,0.33,2.21,1.76,25.76,0.96,3.23
BA2355,1526,-700,1639,-700,HFH,QEY,,81.17,BA2355HFHQEY,81.17,10.63,3.82,1.34,2.51,1.85,2.73,4.48,1.15,48.31,1.66,2.69
BA2356,1715,-700,1825,-700,QEY,HFH,,40.7,BA2356QEYHFH,40.7,5.22,4.84,0,0,2.65,0.45,3.04,0.87,22.09,0.32,1.22
BA2357,1855,-700,2008,-700,HFH,QEY,,60.85,BA2357HFHQEY,60.85,12.74,5.58,0.34,1.21,1.32,0,4.84,1.82,27.8,1.38,3.82
BA2358,2100,-700,2208,-700,QEY,HFH,,37.59,BA2358QEYHFH,37.59,6.42,3.19,0,0,0,0,1.23,0.57,24.17,1.14,0.87
BA2359,1040,-700,1153,-700,HFH,QEY,,92.54,BA2359HFHQEY,92.54,4.13,10.7,3,5.63,3.97,0.3,5.81,1.42,50.62,4.79,2.17
BA2363,1735,-600,1810,-700,CPJ,TFB,,51.56,BA2363CPJTFB,51.56,4.62,1.22,2,11.58,3.92,6.09,7.67,3.05,5.63,0.66,5.12
BA2368,1815,-700,2042,-600,TFB,CPJ,,48.57,BA2368TFBCPJ,48.57,3.28,0,0.48,21.02,2.33,6.56,7.16,2.2,1.18,1.67,2.69
BA2369,830,-700,934,-700,HFH,TFB,,97.1,BA2369HFHTFB,97.1,7.4,5.15,4.54,16.2,14.83,9.67,5.99,1.66,13.5,11.09,7.07
BA2370,1440,-700,1641,-700,TKD,QEY,,65.27,BA2370TKDQEY,65.27,0,23.74,4.51,14.5,0.97,0.65,5.16,0,10.06,5.06,0.62
BA2371,500,-700,604,-700,HFH,TFB,,122.8,BA2371HFHTFB,122.8,4.24,17.57,1.76,29.47,5.53,3.85,2.72,2.28,29.48,17.48,8.42
BA2372,700,-700,800,-700,TFB,HFH,,63.96,BA2372TFBHFH,63.96,14,0,0.67,11.98,2,10.66,6.99,2.66,0,0.33,14.67
BA2377,1205,-700,1409,-700,QEY,TKD,,49.44,BA2377QEYTKD,49.44,0.26,14.61,7.19,9.07,2.68,1.13,5.94,0,5.9,0,2.66
BA2378,900,-700,1000,-700,TFB,HFH,,50.96,BA2378TFBHFH,50.96,6.33,0,0.33,6.33,8.99,8.65,4.99,3.66,1.34,0,10.34
BA2380,2300,-700,2342,-700,TFB,ZZK,,74.2,BA2380TFBZZK,74.2,1.26,5.62,7.21,13.64,19.71,1.6,4.42,1.49,2.63,10.12,6.5
BA2381,600,-700,640,-700,ZZK,TFB,,76.05,BA2381ZZKTFB,76.05,1.98,19.75,2.75,5.51,19.28,0.39,4.67,3,4.41,11.71,2.6
BA2382,745,-700,829,-700,TFB,ZZK,,18.31,BA2382TFBZZK,18.31,2.6,0.25,1.32,4.47,2.09,0,1.2,0.73,0.32,2.3,3.03
BA2383,905,-700,945,-700,ZZK,TFB,,102.06,BA2383ZZKTFB,102.06,2.3,36.27,0.33,14.25,14.07,1.22,6.1,1.15,9.46,13.41,3.5
BA2384,1100,-700,1145,-700,TFB,ZZK,,24,BA2384TFBZZK,24,0.86,2.65,0.33,6.12,4.39,0.93,1.41,0,2.07,3.22,2.02
BA2385,1220,-700,1301,-700,ZZK,TFB,,46.84,BA2385ZZKTFB,46.84,0.33,6.75,0,5.13,19.37,0,2.81,0.78,7.51,3.59,0.57
BA2386,1420,-700,1504,-700,TFB,ZZK,,95.05,BA2386TFBZZK,95.05,1.62,30.02,4.36,10.09,17.81,0,3.23,0.75,7.36,10.65,9.16
BA2387,1540,-700,1620,-700,ZZK,TFB,,26.39,BA2387ZZKTFB,26.39,0.57,8.93,0.46,4.3,2.32,0.32,2.88,0,4.28,1,1.33
BA2388,1732,-700,1815,-700,TFB,ZZK,,35.37,BA2388TFBZZK,35.37,0.25,4.04,3.45,6.49,12.63,0.65,2.31,0.76,0.9,2.7,1.19
BA2389,1850,-700,1930,-700,ZZK,TFB,,27.97,BA2389ZZKTFB,27.97,0.49,4.84,0,3.26,4.67,0,1.66,0.54,6.67,0.95,4.89
BA2390,950,-700,1219,-600,TFB,CPJ,,83.61,BA2390TFBCPJ,83.61,18.32,0.4,1,27.46,4.25,7.63,11.97,1,2.17,2.88,6.53
BA2391,925,-600,957,-700,CPJ,TFB,,178.67,BA2391CPJTFB,178.67,13.38,8.88,2.25,38.36,22.97,18.53,26.01,4.64,5.99,19.64,18.02
BA2392,800,-700,900,-700,TFB,HFH,,55.28,BA2392TFBHFH,55.28,11.33,0,1,10.65,3,10.66,7.65,2.33,0,0.67,7.99
BA2393,930,-700,1034,-700,HFH,TFB,,134.29,BA2393HFHTFB,134.29,14.56,13.47,2.35,25.09,7.93,9.18,6.41,2.18,17.32,20.44,15.36
BA2396,1630,-700,1855,-600,TFB,NTP,,53.36,BA2396TFBNTP,53.36,5.1,7.6,0.46,4.73,1.66,3.67,11.57,4.1,5.58,5.28,3.61
BA2397,1925,-600,1954,-700,NTP,TFB,,54.64,BA2397NTPTFB,54.64,6.15,2.37,5.53,6.26,1.54,6.57,11.18,1.51,7.08,1.87,4.58
BA2399,2100,-600,2133,-700,CPJ,TFB,,21.47,BA2399CPJTFB,21.47,2.72,1.41,1.87,4.58,0.67,2.05,1.55,1.39,0.32,2.54,2.37
BA2400,1217,-700,1523,-600,TFB,CJM,,85.43,BA2400TFBCJM,85.43,5.21,6.14,4.38,3.8,2.88,6.87,32.81,4.17,7.19,1.42,10.56
BA2401,1558,-600,1720,-700,CJM,TFB,,79.77,BA2401CJMTFB,79.77,6.38,11.51,4.81,3.34,10.51,3.87,16.01,3.64,10.48,4.29,4.93
BA2403,930,-700,1052,-700,TKD,MBY,,181.44,BA2403TKDMBY,80.3,0,30.62,0.33,9.88,0.66,3.66,1.97,0,30.14,1.71,1.33
BA2403,800,-600,855,-700,CPJ,TKD,,181.44,BA2403CPJTKD,76.81,11.33,3.22,0,9.53,3.73,2.9,4.85,0,35.39,2.21,3.65
BA2404,1110,-700,1352,-600,TKD,CPJ,,143.91,BA2404TKDCPJ,43.37,3,4.05,0,1.84,0,0.33,3.04,0,30.78,0,0.33
BA2404,915,-700,1035,-700,MBY,TKD,,143.91,BA2404MBYTKD,85.4,0.34,24.19,0.33,7.92,5.92,10.85,0.7,1.36,26.7,3.71,3.38
BA2405,1215,-600,1253,-700,CPJ,TNG,,46.47,BA2405CPJTNG,46.47,0,5.42,3.76,0.65,0.81,0,4.2,0,29.99,0.33,1.31
BA2408,1200,-700,1252,-700,TFB,ZWS,,59.42,BA2408TFBZWS,59.42,1.01,9.4,2.1,6.21,13.54,2.91,10.76,2.21,6.75,0.78,3.75
BA2409,1330,-700,1420,-700,ZWS,TFB,,60.54,BA2409ZWSTFB,60.54,0.96,17.46,0,10.85,3.76,1.35,3.17,0.3,17.17,4.28,1.24
BA2410,1600,-700,1700,-700,TFB,HFH,,29.3,BA2410TFBHFH,29.3,3.66,0.33,0,7.33,0.33,6.32,1.33,3.65,1.02,0,5.33
BA2411,1730,-700,1834,-700,HFH,TFB,,71.42,BA2411HFHTFB,71.42,10.75,7.21,1.68,15.36,2.63,6.05,6.68,4.38,8.2,0.33,8.15
BA2412,1323,-700,1555,-600,TNG,CPJ,,49.85,BA2412TNGCPJ,49.85,0,6.09,6.19,0.33,1.97,0,2.94,0,31.68,0.33,0.32
BA2420,2020,-700,2229,-700,MBY,NGS,,92.88,BA2420MBYNGS,92.88,0,30.84,6.12,19.45,2.37,1.78,2.01,0.63,7.12,22.25,0.31
BA2422,1005,-600,1028,-700,CPJ,QEY,,98.76,BA2422CPJQEY,98.76,3.72,23.24,4.07,8.67,7.47,9.43,1.98,6.35,19.69,4.6,9.54
BA2426,1435,-700,1704,-600,TFB,CPJ,,70.92,BA2426TFBCPJ,70.92,2.44,7.5,3.42,21.42,6.6,6.78,9.27,4.08,3.35,1.67,4.39
BA2428,1215,-700,1337,-700,NGS,TFB,,74.59,BA2428NGSTFB,74.59,6.7,6.58,3.3,4.86,22.32,3.89,6.27,2,8.53,6.81,3.33
BA2429,600,-700,700,-700,ZMX,TFB,,73.98,BA2429ZMXTFB,73.98,3,15.87,2.3,7,17.62,0.68,5.41,2.3,9.36,6.02,4.42
BA2430,2250,-700,2354,-700,TFB,ZMX,,73.28,BA2430TFBZMX,73.28,4.27,14.97,5.64,5.03,12.19,7.41,2.98,2.22,9.2,4.1,5.27
BA2433,600,-600,720,-700,CJM,TFB,,73.08,BA2433CJMTFB,73.08,5.4,8.74,3.93,6.31,17.74,4.96,8.52,2.64,7.01,3.99,3.84
BA2435,1510,-700,1622,-700,ZWS,QEY,,65.09,BA2435ZWSQEY,65.09,0.33,16.08,0.33,6.79,14.77,0.72,0.34,2.73,13.23,5.09,4.68
BA2438,1400,-700,1500,-700,TFB,HFH,,33.07,BA2438TFBHFH,33.07,2,0.42,1.16,8.63,2.8,5,2.73,1,1.42,0.95,6.96
BA2441,730,-700,930,-700,TFB,SOP,,56.31,BA2441TFBSOP,56.31,6.84,8.54,3.72,20.45,2.75,0,0.45,0,0.69,11.25,1.62
BA2442,1000,-700,1205,-700,SOP,TFB,,110.43,BA2442SOPTFB,110.43,8.97,31.98,8.5,27.37,2.53,2.49,3.22,0,3.33,12.75,9.29
BA2444,1300,-700,1400,-700,TFB,HFH,,24.04,BA2444TFBHFH,24.04,0.66,2.45,0,3.67,1.32,3,1.66,3,2.55,1.07,4.66
BA2445,700,-700,804,-700,HFH,TFB,,117.3,BA2445HFHTFB,117.3,12.1,12.52,1.54,24.83,3.8,8.56,13.04,10.62,7.47,10.71,12.11
BA2448,1730,-700,1931,-700,SOP,TFB,,100.04,BA2448SOPTFB,100.04,10.26,25.43,1.02,25.44,5.03,0.67,10.24,0,5.69,13.14,3.12
BA2450,1000,-700,1110,-700,QEY,ZWS,,55.79,BA2450QEYZWS,55.79,4.6,16.03,0.64,3.68,9.59,3.05,2.89,2.63,4.54,1,7.14
BA2451,700,-700,813,-700,ZWS,QEY,,31.4,BA2451ZWSQEY,31.4,1.64,5.8,1.7,1.71,8.85,0,2.04,2.33,3.45,1.88,2
BA2452,600,-700,722,-700,NGS,TFB,,51.35,BA2452NGSTFB,51.35,5.13,5.72,1.95,3.24,10.11,4.58,4.23,1.71,4.74,4.17,5.77
BA2455,700,-600,801,-700,CAO,TFB,,82.25,BA2455CAOTFB,82.25,9.39,10.02,3.78,9.58,4.67,3.91,15.72,3.58,8.03,4.37,9.2
BA2459,1550,-600,1650,-700,CAO,TFB,,61.4,BA2459CAOTFB,61.4,4.12,1.95,4.97,10.69,9.38,5.28,13.32,1.75,3,1.76,5.18
BA2460,1230,-700,1519,-600,TFB,CAO,,56.44,BA2460TFBCAO,56.44,4.29,1.23,1.47,5.03,2.06,3.33,17.89,3.61,6.66,4.01,6.86
BA2461,2240,-700,2359,-700,TFB,NGS,,37.69,BA2461TFBNGS,37.69,4.35,2.41,2.6,3.92,7.19,3.31,1.63,1.38,3.31,1.99,5.6
BA2462,2025,-700,2314,-600,TFB,CAO,,36.23,BA2462TFBCAO,36.23,3.02,3.47,1.61,1.95,1.62,2.48,5.67,3.36,7.35,3.48,2.22
BA2467,630,-700,801,-700,TUT,MBY,,94,BA2467TUTMBY,94,7.14,4.81,6.05,10.34,6.43,0.82,2.85,1.85,40.48,7.45,5.78
BA2472,1915,-700,2049,-700,MBY,TUT,,77.66,BA2472MBYTUT,77.66,5.94,5.61,8.71,3.14,1.84,0.75,1.4,2.67,38.17,6.46,2.97
BA2473,955,-700,1139,-700,QEY,TUT,,199.1,BA2473QEYTUT,62.31,0,5.45,2.17,13.36,0.33,0.65,0,0,37.88,1,1.47
BA2473,830,-700,921,-700,TFB,QEY,,199.1,BA2473TFBQEY,35.29,3.03,4.86,0.38,1.64,8.26,0,5.6,0,7.45,0.66,3.41
BA2473,1212,-700,1355,-700,TUT,MBT,,199.1,BA2473TUTMBT,68.84,3,13.11,0.81,17.96,0,0,2.06,0,30.02,0.67,1.21
BA2474,1040,-700,1246,-700,TUT,TFB,,196,BA2474TUTTFB,100.5,2.07,9.44,2.51,24.13,1.99,6.89,2.73,2.85,31.38,9.99,6.52
BA2474,835,-700,1008,-700,MBY,TUT,,196,BA2474MBYTUT,71.66,5.21,2.33,6.96,3.96,3.49,0.2,0,1.34,42.93,3.05,2.19
BA2475,1550,-700,1722,-700,TUT,MBY,,200.09,BA2475TUTMBY,111.4,10.25,7.9,11.08,11.56,7.05,0.95,2.5,2.66,46.72,4.43,6.3
BA2475,1310,-700,1520,-700,TFB,TUT,,200.09,BA2475TFBTUT,74.55,0.61,2.18,0,9.62,0,0,0.32,0,53.29,4.44,4.09
BA2478,1440,-700,1640,-700,MBT,TUT,,204.24,BA2478MBTTUT,84.5,3.66,15.54,7.49,24.12,1.93,0,4.94,0,19.48,7.1,0.24
BA2478,1930,-700,2020,-700,QEY,TFB,,204.24,BA2478QEYTFB,13.36,0.93,3.73,0.23,0.37,0.44,0.25,1.74,0.43,2.59,0.22,2.43
BA2478,1710,-700,1852,-700,TUT,QEY,,204.24,BA2478TUTQEY,42.19,0,3.14,2.44,12.22,0.27,4.13,0.36,0,12.07,2.31,5.25
BA2479,1515,-700,1620,-700,ZMX,TFB,,46.36,BA2479ZMXTFB,46.36,1.08,17.31,0.94,4.27,8.13,1.59,0.56,1,7.57,1.26,2.65
BA2483,500,-700,536,-700,CMJ,TFB,,106.35,BA2483CMJTFB,106.35,2.97,24.41,5.51,4.54,2.93,7.25,3.65,2.96,35.25,9.51,7.37
BA2484,800,-700,842,-700,TFB,CMJ,,5.66,BA2484TFBCMJ,5.66,0.69,0.04,0.92,0.04,0.04,0.26,0.03,0,1.19,0.04,2.41
BA2485,915,-700,955,-700,CMJ,TFB,,149.23,BA2485CMJTFB,149.23,4.03,12.64,9.61,12.84,8.98,6.81,5.61,7.16,32.84,39.5,9.21
BA2486,1147,-700,1227,-700,TFB,CMJ,,39.82,BA2486TFBCMJ,39.82,1.91,4.41,3.17,1.76,1.43,2.6,2.31,1.99,5,10.51,4.73
BA2487,1257,-700,1337,-700,CMJ,TFB,,109.56,BA2487CMJTFB,109.56,2.76,22.99,5.66,8.75,0.63,1.06,4.05,0.7,51.42,7.5,4.04
BA2488,1355,-700,1436,-700,TFB,CMJ,,61.41,BA2488TFBCMJ,61.41,4.02,7.83,1.97,9.42,3.57,2.55,4.41,1.16,2.26,15.3,8.92
BA2489,1510,-700,1550,-700,CMJ,TFB,,86.95,BA2489CMJTFB,86.95,2.6,8.9,4.45,7.45,2.77,3.5,0.96,1.45,41.13,10.86,2.88
BA2490,1755,-700,1834,-700,TFB,CMJ,,38.47,BA2490TFBCMJ,38.47,1.69,2.79,3.83,2.36,2.29,1.2,2.58,0.28,5.53,13.85,2.07
BA2491,1905,-700,1943,-700,CMJ,TFB,,27.65,BA2491CMJTFB,27.65,0.95,5.11,1.77,0.01,1.55,2.33,0.27,2.54,7.3,4.63,1.19
BA2492,1950,-700,2028,-700,TFB,CMJ,,26.81,BA2492TFBCMJ,26.81,1.69,2.33,2.44,1.54,1.48,0.26,1.23,1.37,1.62,9.73,3.12
BA2493,700,-700,740,-700,CMJ,TFB,,110.57,BA2493CMJTFB,110.57,2.96,9.53,9.52,13.61,11.78,6.55,7.03,1.35,19.34,18.43,10.47
BA2494,2305,-700,2346,-700,TFB,CMJ,,60.67,BA2494TFBCMJ,60.67,0.56,7.93,2.76,5.48,2.43,0.97,11.81,0.29,8.85,12.26,7.33
BA2495,1430,-700,1534,-700,HFH,TFB,,59.25,BA2495HFHTFB,59.25,4.38,3.59,5.92,10.49,1.67,3.39,7.82,2.46,12.18,2.55,4.8
BA2500,910,-700,1118,-700,TGP,QEY,,89.86,BA2500TGPQEY,89.86,0,21.54,1.05,21.59,1.69,6.02,0.17,0,35.35,0.93,1.52
BA2502,615,-600,642,-700,CPJ,QEY,,160.99,BA2502CPJQEY,160.99,6.12,23.28,6.8,19.25,47.29,11.58,6.05,2.02,18.12,6.12,14.36
BA2506,1500,-700,1600,-700,TFB,HFH,,38.59,BA2506TFBHFH,38.59,4.66,2.32,0.66,12.34,2.32,4.32,3.32,2.33,2.35,0.66,3.31
BA2509,1630,-700,1733,-700,HFH,TFB,,82.02,BA2509HFHTFB,82.02,10.57,3.33,0.76,18.65,7.22,6.84,11.87,1.62,5.9,3.92,11.34
BA2513,925,-700,1144,-600,QEY,CPJ,,40.05,BA2513QEYCPJ,40.05,3.61,11.74,0,4.49,5.95,3.61,0,2.43,5.83,0.66,1.73
BA2514,1355,-600,1418,-700,CPJ,QEY,,36.57,BA2514CPJQEY,36.57,2.54,9.88,0.31,4.27,1.66,1.18,1,1.48,11.41,0.83,2.01
BA2517,1515,-700,1722,-700,QEY,TGP,,78.24,BA2517QEYTGP,78.24,0.28,14.08,0.27,19.8,2.25,6.46,0,0,33.67,0,1.43
BA2523,625,-700,835,-700,QEY,TGP,,97.05,BA2523QEYTGP,97.05,1.61,8.34,0.31,21.25,0.84,11.36,1.8,0.89,44.46,2.72,3.47
BA2526,940,-700,1123,-700,TNG,QEY,,85.26,BA2526TNGQEY,85.26,5.56,10.34,1.73,8.99,13.83,0,0.44,0.33,38.73,0.52,4.79
BA2532,1101,-700,1311,-700,GBU,QEY,,73.31,BA2532GBUQEY,73.31,1.3,19.54,3.83,11.45,2,0,7.6,0,25.56,0.7,1.33
BA2533,1615,-700,1825,-700,QEY,GBU,,43.06,BA2533QEYGBU,43.06,0,13.59,7.9,10.1,0,0,4.27,0,7.2,0,0
BA2534,1855,-700,2127,-700,GBU,TFB,,63.64,BA2534GBUTFB,63.64,0,4.55,3.26,1.02,5.18,0,11.89,0,32.76,0.38,4.6
BA2537,1105,-700,1324,-600,QEY,CPJ,,54.23,BA2537QEYCPJ,54.23,4.99,17.65,2.21,6.15,6.58,5.11,0.65,1.09,8.61,0.33,0.86
BA2538,1500,-600,1524,-700,CPJ,QEY,,32.18,BA2538CPJQEY,32.18,5.41,5.88,0.82,1.76,2.05,3.69,1.62,1.53,7.77,0.66,0.99
BA2539,805,-700,1031,-700,TFB,GBU,,75.94,BA2539TFBGBU,75.94,0.34,5.67,0.02,3.09,16.24,0.34,10.76,0.02,35.14,0.93,3.39
BA2541,940,-700,1123,-700,QEY,TNG,,76.93,BA2541QEYTNG,76.93,7.28,10.6,0.6,10.58,7.46,0,1.62,3.14,33.83,0,1.82
BA2542,945,-700,1243,-600,TFB,ZFH,,43.87,BA2542TFBZFH,43.87,0,9.62,0,6.06,6,0.34,8.04,2.74,5.76,4.47,0.84
BA2543,1323,-600,1420,-700,ZFH,TFB,,63.72,BA2543ZFHTFB,63.72,0.99,15.68,0,6.99,9.3,0.59,6.67,11.2,7.38,2.67,2.25
BA2544,530,-700,619,-700,QEY,TFB,,174.21,BA2544QEYTFB,174.21,22.49,41.93,8.35,11.75,12.2,4.69,9.46,0.21,21.26,22.79,19.08
BA2545,700,-700,750,-700,TFB,QEY,,58.26,BA2545TFBQEY,58.26,7.17,4.17,0.97,0.23,23.66,0,9.46,0.31,0.39,3.83,8.07
BA2546,615,-700,815,-700,TKD,QEY,,66.85,BA2546TKDQEY,66.85,0.33,16.52,16.34,13.87,0.32,2.3,8.4,0,6.51,0.33,1.93
BA2563,1725,-700,1929,-700,QEY,PBL,,46.76,BA2563QEYPBL,46.76,0,6.22,7.63,2.97,0.33,0.33,4.19,0,23.44,0,1.65
BA2565,725,-700,909,-700,QEY,TNG,,101.27,BA2565QEYTNG,101.27,10.56,3.87,1.18,15,16.17,0.81,2.35,1.42,44.52,0.33,5.06
BA2570,830,-700,919,-700,QEY,TFB,,138.93,BA2570QEYTFB,138.93,9.02,23.9,3.72,13.63,15.42,1.85,10.24,4.94,8.35,10.47,37.39
BA2571,630,-700,839,-700,QEY,PBL,,77.76,BA2571QEYPBL,77.76,1.02,6.31,13.89,3.02,6.12,0.66,11.01,0,31.55,2.86,1.32
BA2573,1800,-700,1851,-700,TFB,QEY,,64.53,BA2573TFBQEY,64.53,8.11,8.84,1.94,0,6.09,0.33,8.75,0,20.64,1.37,8.46
BA2574,2000,-700,2153,-700,PBL,QEY,,28.99,BA2574PBLQEY,28.99,0.33,1.93,5.65,0,0.33,0,1.96,0,17.19,0,1.6
BA2576,1205,-700,1352,-700,TNG,QEY,,78.61,BA2576TNGQEY,78.61,2.96,5.39,0.64,5.62,3.12,0,0.27,0.33,58.53,0,1.75
BA2579,635,-600,736,-700,ZFH,TFB,,42.8,BA2579ZFHTFB,42.8,0,14.93,1.65,2.36,6.89,0.01,4.07,2.59,7.12,2.49,0.69
BA2580,2038,-700,2334,-600,TFB,ZFH,,50.61,BA2580TFBZFH,50.61,0,12.83,6.64,5.01,4.86,0.69,2.14,2.78,8.81,3.65,3.2
BA2583,1816,-600,1920,-700,ZFH,TFB,,30.95,BA2583ZFHTFB,30.95,0,3.55,0.66,1,6.34,0.83,2.33,3,8.59,1.33,3.32
BA2584,1437,-700,1734,-600,TFB,ZFH,,83.32,BA2584TFBZFH,83.32,2.1,18.83,3.77,8.61,8.9,2.8,11.29,7.12,4.24,8.5,7.16
BA2589,925,-700,1124,-700,QEY,PBL,,54.78,BA2589QEYPBL,54.78,0,6.85,7.31,1.62,0.66,0,8.43,0,26.69,1.54,1.68
BA2593,1955,-700,2215,-600,QEY,CPJ,,37.08,BA2593QEYCPJ,37.08,5.3,8.44,0,5.22,3.08,5.26,0.33,1.98,4.78,1.52,1.17
BA2594,1730,-700,1828,-700,TFB,HFH,,19.97,BA2594TFBHFH,19.97,3.85,0.08,0,5,1,1.99,1.99,1.33,0.08,2.33,2.32
BA2603,1000,-700,1340,-600,MBY,MBQ,,35.16,BA2603MBYMBQ,35.16,0,6.14,0,27.68,0,0,0,0,0,0,1.34
BA2604,1425,-600,1622,-700,MBQ,MBY,,76.11,BA2604MBQMBY,76.11,0,15.71,0.51,54.04,0,0,0,0.73,0.04,0.52,4.56
BA2609,1430,-700,1632,-700,QEY,PBL,,135.48,BA2609QEYPBL,55.56,0,12.67,4.09,3.65,0.66,0,2.9,0,24,0.95,6.64
BA2609,1311,-700,1354,-700,FVH,QEY,,135.48,BA2609FVHQEY,71.8,2.68,16.96,5.95,10.62,2.3,0.71,0,0.61,24.76,4.01,3.2
BA2610,1705,-700,1900,-700,PBL,QEY,,59.61,BA2610PBLQEY,59.61,0,9.99,6.66,1.89,0,0,3.93,0,34.16,0.33,2.65
BA2614,1800,-700,2007,-700,TGP,QEY,,127.87,BA2614TGPQEY,127.87,4.9,29.82,2.49,29.2,6.41,6.38,0.09,0.66,36.57,0.97,10.38
BA2617,1930,-700,2135,-700,QEY,TKD,,42.54,BA2617QEYTKD,42.54,0,7.19,11.96,5.15,1.07,1.3,3.34,0,11.17,0,1.36
BA2618,1705,-700,1848,-700,TNG,QEY,,73.29,BA2618TNGQEY,73.29,5.29,8.61,0.66,8.93,4.49,0.85,0.04,1.66,39.27,1.65,1.84
BA2624,1230,-700,1320,-700,QEY,TFB,,121.94,BA2624QEYTFB,121.94,6.66,33.9,5.51,5.32,12.72,1.96,9.3,2.13,18.16,14.33,11.95
BA2627,1930,-700,2019,-700,TFB,QEY,,31.88,BA2627TFBQEY,31.88,3.54,7.12,2.87,2.34,3.28,0.99,2.09,0.33,4.18,0.67,4.47
BA2629,600,-700,650,-700,TFB,QEY,,54.64,BA2629TFBQEY,54.64,4.86,3.15,2.76,2.97,14.66,4.8,6.96,0,2.68,3.61,8.19
BA2631,630,-700,721,-700,TFB,QEY,,24.07,BA2631TFBQEY,24.07,4.53,0.46,0,0,5.4,3.5,6.35,0,0,0,3.83
BA2632,1920,-700,2103,-700,TNG,QEY,,50.4,BA2632TNGQEY,50.4,6.32,4.33,0,3.22,2.57,0,0,1,31.34,0.3,1.32
BA2633,1450,-700,1633,-700,QEY,TNG,,73.92,BA2633QEYTNG,73.92,5.98,3.71,0.37,10.56,7.33,0.92,0.34,2.8,26.71,11.99,3.21
BA2634,1300,-700,1506,-700,TGP,QEY,,95.8,BA2634TGPQEY,95.8,1.72,38.02,1.9,19.69,0.53,7.03,0.01,0.33,19.14,2.89,4.54
BA2635,900,-700,950,-700,TFB,QEY,,162.16,BA2635TFBQEY,62.82,11.81,7.44,0.66,0.72,14.65,1.36,11.49,0.2,4.17,5.34,4.98
BA2635,1020,-700,1225,-700,QEY,TGP,,162.16,BA2635QEYTGP,96.15,1.09,19.33,3.96,19.05,1.12,11.95,0,0.28,33.42,0.77,5.18
BA2636,910,-700,1107,-700,PBL,QEY,,58.41,BA2636PBLQEY,58.41,0,9.88,4.71,2.24,1.81,0.65,3.32,0,31.34,1.47,2.99
BA2637,940,-700,1210,-700,TFB,PBL,,83.18,BA2637TFBPBL,83.18,3.46,10.64,12.5,3.07,2.6,0.29,10.69,0,35.48,0.35,4.1
BA2638,1240,-700,1500,-700,PBL,TFB,,115.16,BA2638PBLTFB,115.16,0.22,34.94,5.82,8.07,2.87,1.01,2.12,0,54.97,0.67,4.47
BA2642,1530,-700,1617,-700,QEY,TFB,,50.92,BA2642QEYTFB,50.92,3.44,5.11,3.79,7.11,10.64,1.26,4.93,0,9.84,1.28,3.52
BA2644,1432,-700,1512,-700,QEY,FVH,,106.92,BA2644QEYFVH,22.36,0,3.41,1.09,9.43,2.55,0.66,2.36,1,1.14,0.06,0.66
BA2644,1200,-700,1354,-700,PBL,QEY,,106.92,BA2644PBLQEY,74.15,0,9.93,4.37,9.44,2.48,0.67,2.34,0,42.29,0.31,2.32
BA2645,1705,-700,1850,-700,QEY,TNG,,45.35,BA2645QEYTNG,45.35,6.74,4.28,0,3.61,4.45,0,0.29,1.94,18.93,4.19,0.92
BA2670,1335,-700,1435,-700,TFB,ZMX,,68.36,BA2670TFBZMX,68.36,2.75,15.18,0.92,5.81,9.37,0.91,11.92,6.78,4.94,5.58,4.2
BA2700,2016,-700,2230,-700,NGS,MBY,,146.51,BA2700NGSMBY,146.51,9.923333333,8.969999999,2.86,0,56.85333333,15.90333333,8.666666666,0,1.43,14.60333333,27.3
AA2701,645,-800,1243,-700,BOD,MBT,,146.51,AA2701BODMBT,146.51,#N/A,#N/A,#N/A,#N/A,#N/A,#N/A,#N/A,#N/A,#N/A,#N/A,#N/A
AA2702,2355,-1000,935,-700,IOM,CMJ,,146.51,AA2702IOMCMJ,146.51,#N/A,#N/A,#N/A,#N/A,#N/A,#N/A,#N/A,#N/A,#N/A,#N/A,#N/A
