B,G,H,K,L,M,Q,S,T,V,Y
8.03,4.43,8.96,10.46,70.5,11.51,6.54,3.37,12.67,32.38,66.45
8.91,3.68,19.77,7.47,63.93,7.83,11.98,1.21,0.83,47.8,24.2
4.33,5.63,17.01,13.79,15.31,8.24,28.76,0.7,2.97,21.98,27.33
51.79,3.37,3.99,3.37,31.32,13.29,12.6,22.43,3.37,17.51,82.94
0.03,59.57,11.41,11.52,13.69,0.69,11.01,0,35.34,46.76,7.49
0,53.44,327.73,27.53,957.73,3.19,6.79,0.33,23.31,40.91,113.95
3.22,37.19,2.92,17.54,8.79,0,7.78,1.02,26.69,36.83,2.76
11.41,73.64,8.6,26.24,11.71,2.89,15.54,0.02,22.47,45.86,23.8
9.15,17.74,3.96,11.05,18.41,4.98,6.03,3.06,49.46,34.89,5.17
14.25,3.86,8.75,52.87,44.92,15.86,15.15,0.3,3.89,58.86,16.88
7.12,7.55,2.88,7.64,16.8,0.25,0.81,0.25,48.71,8.32,4.04
2.62,47.8,4.33,40.98,6.87,9.85,1.95,0,44.31,37.56,9.09
1.25,29.9,2.33,37.86,7.71,0.77,2.94,3.99,50.69,7.31,2.22
21.75,8.92,23.08,26.59,33.96,7.98,26.07,6.08,25.86,19.45,10.71
1.73,55.19,12.77,50.04,19.77,18.14,6.04,3.73,2.68,2.76,22.61
0.72,50.1,8.33,28.89,8.82,13.08,11.91,3.38,3.6,0.95,15.88
3.47,15.21,11.65,83.43,52.21,8.93,17.39,0.8,15.82,79.67,12.77
3.31,66.58,17.69,23.17,59.02,7.37,6.23,0.24,22.09,67.91,10.63
3.68,33.65,6.89,49.55,15.97,1.66,15.44,0.28,16.61,44.46,7.94
4.53,7.99,12.64,40.45,43.94,11.74,27.79,3.76,9.41,75.33,8.72
0.97,8.09,0.85,5.23,0.98,4.65,0.31,5.13,62.87,10,2.21
1.95,56.87,9.67,37.13,36.86,7.65,2.75,0,37.16,7.68,12.27
3.92,14.41,0.32,24.72,5.27,1.35,9.19,0.28,25.25,11.37,3.13
3.09,59.94,9.75,20.3,6.23,3.06,10.29,0.25,34.1,47.94,6.6
5.13,69.93,17.45,36.56,12.17,7.16,5.68,2.58,30.76,11.98,6.01
1.19,48.29,4.56,17.69,13.99,1.07,3.05,0.32,61.8,11.45,3.59
0.62,81.11,14.34,22.9,6.61,4.5,11.75,7.06,65.26,2.65,3.72
0.29,51.28,8.06,19.2,19.05,3.27,15.54,0.39,56.8,10.45,2.45
0.38,85.71,12.13,21.77,2.45,5.65,3.21,6.04,81.41,8.04,3.39
0.69,68.38,5.52,25.97,0.94,1.97,6.58,2.21,65.92,8.32,5.39
2.29,2.07,0.99,0,13.12,3.67,2.67,0,0.99,3.37,6.3
4.35,0.33,15.17,1.67,11.68,6.55,2.67,0,0.7,0.66,17.58
0,0,3.99,1.3,6.06,2,0.33,0,0.14,1,3.77
1.54,0.19,14.95,0.17,31.57,11.07,16.8,0,0.26,0.15,26.44
10,0,4.73,0.33,2.32,4,2.87,0,0,0,38.32
3.78,1.23,6.52,0.35,15.54,8.91,1.79,0.58,2.49,2.05,11.78
5.33,0,3.33,1.66,6.65,3.67,2.67,0,0.33,0,13.99
4.66,0,0.33,0.67,10.98,2.33,3.33,0,1,1,16.01
1.69,0,1.16,0,19.96,11.1,1,0,0.66,0.66,5.3
2.52,0.29,1.77,1.26,13.32,3.06,3.12,0,0.62,1.41,13.36
0.43,0,1.26,0,27.73,3.77,1.54,0,0,0,10.78
0.95,11.75,11.87,1.82,10.14,2.37,4.9,0.07,2.12,0.48,15.2
0,11.78,3.96,1.97,2.65,0,2.9,0,1.3,2.32,3.66
0,0,2.66,0,4.67,1,1.33,0,0,0,5.66
0.01,0.09,0.01,0.01,0.01,0.58,0.01,24,0.09,0.01,29.5
0,0,0.67,0,0,0,0,32.28,0,0,34.66
0.39,2.01,2.48,0.99,5.33,4.48,2.33,0,1.67,0.33,18.66
4.15,0,0,0,0,0,0,0,0,0,5.71
0,0,0,0,0,0,0,0,0,0,1.02
0,2.87,3.16,2.94,15.51,0.63,2.25,0.32,0,2.29,15.22
1,0,0,2,3.99,0,6,1,0,9,3
1.13,1.98,1.88,8.94,7.01,1.86,14.71,0.89,2.3,9.41,19.84
0,3.35,3.5,1.33,13.66,0.33,1.84,0,2.34,11.06,6.98
0,0,9.37,0.33,8.94,5.34,4.64,0,0,1.67,29.69
0,0.21,6.2,0.21,6.47,1.99,1.74,0,1.69,0.92,8.08
2.11,1.27,2.88,1.69,7.88,6.14,26.07,2.74,0.83,2.35,8.34
0,0,0,0,0,0,0,0,0,0,0
0,0.33,0,2.33,1.99,0,0,0,2.67,2.34,5.68
0,0.12,17.19,1.81,21.73,11.66,0.99,0,10.89,25.42,29.84
0,8.06,8.19,6.81,4.28,0,5.37,0.65,41.12,0.11,12.16
2.09,0.16,3.77,0.01,5.74,0.51,0.85,0,0.21,4.1,14.63
1.34,0,2.66,11.66,10.06,0.66,2.06,0,0.33,8.86,5.65
0,0,0,0,1,0.33,0.66,0,0,0,1.65
0.39,0.29,3.02,0.03,6.21,0.34,3.71,0,3.5,8.8,7.93
2,1.06,0.67,0.51,5.99,0,0.33,0,1.73,0.82,6.66
0,0,0,0,0,0,0.33,0,0,0,0
0,0,0.33,0,0,0,0,0,0,0.67,1.66
0,1.91,7.42,4.41,4.26,12.93,3.82,0,5.82,15.94,22.97
0,0.2,7.21,1.3,13.78,5.93,0.92,0,7.36,17,11.71
0,0,2.02,0,0.67,0,0.68,0,0,2,6.65
1.73,0,0.99,0.33,1.32,0,0.33,0,0.04,3.66,3.98
3.66,0.33,10.02,0.32,13.92,1.33,1.71,0,1.29,13.95,6.74
0,0,0.33,0,0,0,0,0,0,0,0
0.3,1.19,0.34,4.42,6.47,2.35,2.81,0,0.95,11.53,13.1
0,0,0,0,0,0,0,0,0,0,0.33
0,1.32,1.32,1.98,2.64,1.66,5.66,0.99,2.32,3.33,3.94
0,0,1.66,0,0.33,0.66,1,0,1.99,0.66,3.98
0,0,1.79,0,3.99,1.97,0.33,0,0,0,3.96
3.11,7.57,2.72,8.65,62.52,0.1,3.18,2.44,1.8,27.16,10.04
0,0,1.99,0,1.66,0,1.67,0,0,3.32,10.98
0,0.66,10.32,0.33,9.64,5.66,1,0,6.65,19.97,11.32
1.35,4.28,2.57,2.23,15.02,2.24,3,0,3.56,15.13,4.32
0,0,1.33,0,2,3,0.99,0,0,0,11.59
0.31,0,12.43,0.33,16.5,8.02,0,0,5.02,13.86,18.75
0,0,2.28,0.56,4.58,0,2.94,0,0,3.51,7.24
4.27,6.7,7.71,9.65,26.69,3,22.14,0,10.75,10.08,13.93
0.38,0.02,2.99,0.68,7.99,0.33,2.74,0,1.02,3.92,9.17
0.33,0,11.09,1.34,12.81,10.11,2.55,0,1.33,17.65,12.27
5.1,0.81,8.15,10.2,29.85,7.4,28.96,1.41,12.99,17.96,20.14
2.78,0.33,3.65,1.99,9.72,4.2,17.66,1.46,2.25,8.35,9.45
2.5,12.18,6.21,8.18,24.55,5.45,20.87,4.32,7.06,11.34,10.82
1.64,11.29,3.92,5.39,6.09,2.64,7.31,1.95,15.02,3.22,5.84
1.62,0.56,12.46,2.47,2.55,5.38,6.36,4.44,4.47,40.39,20.18
1.56,19.49,4.31,9.19,4.02,3.27,10.31,3.94,13.29,2.75,6.84
4.89,7.78,22.02,11.33,8.84,19.92,66.18,10.79,51.75,7.39,25.44
0.88,11.55,9.03,9.58,9.99,3.46,14.32,3.91,8.09,5.12,7.03
1.99,12.88,2.92,4.74,2.94,1.97,1.98,5.85,11.12,2,7.86
5.14,10.51,51.6,17.56,16.68,11.99,45.68,6.94,7.6,9.48,32.19
5.78,18.14,25.16,29.34,4.16,20.84,16.74,7.62,17.34,12.62,39.8
0.32,8.47,2.9,3.78,5.64,2.86,2.98,0.96,8.49,10.57,10.16
5.23,10.7,15.33,7.51,6.47,7.19,12.45,3.9,16.13,8.67,10.48
2.89,25.18,19.78,12.15,15.49,5.36,37.63,2.44,6.65,36.09,15.56
0.97,3.04,9.07,0.03,0,3.05,3.07,1.47,2.55,36.11,13.08
0,15.62,6.57,21.94,8.01,2.59,21.38,4.26,3.45,19.96,7.41
0.5,23.53,8.57,3.67,3.59,1.96,5.48,4.26,18.7,2.36,3.27
7.71,10.79,36.7,23.97,29.88,12.81,31.3,6.25,9.94,25.67,23.43
1.97,9,2.24,4.67,2.4,4.6,4.66,6.18,10.03,1.04,6.1
8.05,15.73,43.07,25.74,14.56,15.22,24.79,4.6,5.89,16.07,21.15
5.77,33.94,11.5,28.85,13.2,8.27,32.23,4.51,10,12.78,10.77
2.32,23.46,5.97,22.57,10.27,5.32,8.34,3.88,11.55,42.67,7.5
0.33,0,1.32,2.66,0,2.3,0.34,1.62,0.99,23.54,3.31
0.33,1,8.78,0.65,0,2.97,3.32,8.89,0.99,0,16.06
0.86,32.27,8.02,21.55,9.5,6.53,18.99,9.48,25.78,16.61,8.61
0.33,10.91,13.69,13.18,4.03,4.35,5.85,0.99,12.87,8.97,7.35
1.12,29.2,9.25,30.17,12.78,9.62,24.74,3.4,23.24,11.18,14.46
0.81,25.67,6.39,12.85,7.16,7.03,4.67,1.13,24.55,4.25,6.96
1.73,10.48,3.26,9.4,6.95,2.6,4.74,1.41,11.79,8.05,5.88
2.66,8.16,2.99,7.26,6.19,2.56,2.34,0.62,13.35,4.57,4.8
0,0,0.64,0,2.8,0,4.45,0,4.23,52.28,6.88
4.9,53.12,4.47,28.28,17.69,4.84,17.91,5.84,27.5,16.47,9.89
2.55,37.32,11.01,25.56,21.85,7.44,16.92,4,22.21,22.02,11.6
0.65,31.51,3.18,13.88,6.24,2.19,10.26,0.55,15.91,6.83,7.83
0.66,12.47,5.19,0.41,4.67,2.3,10.01,0.33,10.72,3.68,3.57
1.53,3.55,78.72,1.66,42.26,8.82,71.56,9.66,1.8,11.41,35.9
2.9,8.37,15.87,3.74,15.62,2.98,10.35,0.66,13.06,2.51,6.12
0.7,29.06,7.16,12.94,10.35,10.82,12.97,1.77,16.26,9.53,10.85
0,14.19,15.17,1.12,13.85,0.74,5.05,0,20.77,3.63,3
0,24.7,0,14.59,7.67,1.11,5.67,0,29.27,15.27,4.14
2.79,18.97,17.1,6.13,9.48,5.34,9.23,1.67,11.4,6.94,7.31
3.1,33.9,18.63,22.1,19.3,10.37,38.5,3.97,17.37,16.63,21.15
1.92,10.8,1.3,17.06,4.93,1.3,2,0.64,30.33,3.27,6.72
1.98,7.33,0.99,21.33,0.98,1.94,3.03,1.96,10.06,1.08,2.97
3.26,20.3,21.85,27.82,6.16,7.31,6.25,0.68,12.85,1.56,10.29
5.06,2.39,0.39,27.88,0.99,3.57,0,3,29.21,4.1,5.92
5.83,28.24,10.36,36.51,5.8,9.64,10.49,2.42,36.86,23.33,10.45
0.19,1.46,0,0.33,0.31,0,1.44,0,3.25,0.53,0
2.12,27.33,16.74,20.44,14.07,8.54,21.15,4.88,10.44,53.54,23.99
4.45,27.25,6.73,37.83,5.28,7.44,3.68,2.32,39.12,11.33,8.24
0,0,5.72,0.33,12.8,8.8,3.48,0,0,0,22.8
0,0,2.33,0.33,1.33,3.09,0.99,0,0.67,0.67,6.84
0,0,0.33,0,0,0,0,0,0,0,0
0,0,0,0,0,0,0,0,0,0,2
0,0,9.26,0.54,11.44,4.04,2.33,0,0,1.08,22.31
0,0,11.58,0.33,13.96,3.12,3.91,0,13.48,0,23.11
0.05,0.05,5.47,0.05,3.88,3.75,0.7,0.05,0.72,0.05,13.96
0,0,0.67,0,2,2.41,1.99,0,3.12,0,13.6
0,0,1,0,0,0,0.67,0,0,0.99,0.33
0.3,13.21,14.59,11.62,7.98,0.95,16.05,0,0,1.44,13.56
1.66,11.6,12.42,6.73,15.24,1.48,11.54,0.33,0.15,0.43,21.81
0.04,12.76,13.8,5.62,7.99,2.13,17.29,0.04,0.04,7.34,18.99
0.75,15.12,6.3,8.8,10.27,1.65,2.62,0,0.21,1.03,13.44
1.38,23.86,13.58,8.47,7.62,6.28,29.5,1.28,2.08,1.52,13.79
0,13.02,5.63,5.95,4.31,1.92,6.5,0,0,0.66,13.49
0.11,18.29,6.32,6.36,15.2,4.88,10.37,0.42,1.72,6.67,14.77
0,13.7,10.15,8.6,10.86,0.97,12.77,0,0,1.65,19.95
1.18,22.98,10.26,3.32,19.29,1.59,12.11,1.04,2.72,2.08,18.66
0.52,19.64,9.91,6.31,2.94,0,8.57,0,1.57,0.86,12.93
0.35,2.77,0.52,0.09,5.35,0.99,1.88,0,0.73,1.22,4.03
0,122.59,1.44,8.5,3.21,4.29,0,0,12.42,4.04,0
0,123.05,0,9.91,0.01,0,1.72,0,41.27,4.19,0
0,22.52,0,37.17,0,0,0.49,0,29.74,0.87,1.01
5.83,28.38,5.74,34.88,19.98,0.85,4.69,0,58.79,26.57,5.11
0.33,36.31,3.59,23.01,2.04,0,2.54,0,88.43,9.92,0.89
0,11.74,8.08,66.15,20.33,7.67,6.62,0,0.39,18.52,3.46
4.37,16.15,3.75,22.87,3.28,14.32,1.78,0.3,56.39,7.13,4.01
6.34,14.35,4.32,3.36,21.77,4.17,15.4,0,72.28,0.33,5.03
0,52.14,0,1.98,3.24,0,3.22,0,72.94,4.45,0.63
3.41,17.57,4.71,7.43,20.35,0.38,12,0.03,71.79,2.69,3.68
0,65.44,0.67,23.6,7.82,0,5.05,0,64.11,24.42,0
0.29,14.96,0.82,5.33,22.11,0,4.85,0,20.79,21.74,2.31
0.46,14.18,5.5,35.77,8.55,0,9.64,0,7.49,2.65,0.91
0,4.72,0.72,64.38,0.81,1.23,1.17,0,0.61,21.46,0.86
0.66,36.46,2.17,6.12,6.85,0.99,1.42,0.32,47.1,20.05,1.22
7.81,0.71,0.06,35.01,31.03,6.83,14.34,0,0.71,13.29,15.12
1.16,46.95,2.05,16.14,6.18,2.46,2,0,17.09,17.38,5.07
0,17.93,0,31.89,0.67,0,0,0,13.59,2.63,0.33
4.07,32.83,8.27,40.4,4.94,13.17,1.89,0,45.3,5.54,5.57
0,31.36,2.44,3.75,14.82,2.12,7.61,0,116.91,26.37,0
0,50.15,0.67,28.33,11.3,0.63,8.02,0.31,66.36,14.03,0.95
0.62,29.97,10.45,14.65,4.59,1.23,10.75,0.27,103.59,13.25,4.64
0.77,32.39,2.03,25.67,6.46,1.88,5.08,0,113.43,10.91,3.47
0,37.75,0.66,34.54,10.41,1.3,5.64,0,126.38,8.59,1.22
2.14,35.79,2.62,8.16,1.2,0.84,5.84,0.28,88.66,4.75,3.39
0,38.33,5.16,14.34,8.39,0.97,9.85,0,109.68,15.57,1.52
0,54.47,0.7,59.96,12.64,0,9.05,0,86,14.06,0.66
0,19.22,0,102.54,0.54,0,0.42,0.67,43.44,8.02,0.45
1.28,29.84,10.87,74.11,27.92,9.95,19,0,17.51,60.55,1.34
0,10.76,2.34,48.25,0,0,0,0,36.01,0.39,0.6
0.32,23.43,0.48,74.95,2.26,2.27,1.7,0,76.32,1.28,2.59
0,21.71,7.13,86.51,24.99,6.41,8.02,1,4,13.62,5.97
0.68,30.93,2.14,13.62,6.06,0,4.77,0,103.92,12.38,0.98
3.42,7.8,15.76,173.74,13.77,5.85,8.31,0,5.57,37.84,11.28
0,9.65,1.15,2.53,18.94,0.33,3.81,0,44.17,9.73,3.99
1.95,0,4.67,1,0,3,0.99,0,7.02,8.65,0
0.67,21.15,2.23,8.79,25.5,1.33,6.81,0.64,73.94,15.88,3.55
0,26.42,1.93,14.06,13.67,0.96,2.24,0,86.74,10.62,3.35
0.56,10.22,1.46,1.09,31.76,0,3.31,0,72.23,9.85,2.44
0.33,46.51,2.38,28.51,20.6,0.75,0.6,0,54.75,13.69,4.48
1.73,34.16,2.05,5.74,13.45,0.33,4.63,0.29,68.01,13.46,3.39
3.59,0.92,20.75,9.01,18.59,13.04,43.06,6.93,2.04,62.91,8.15
3.34,13.81,8.94,4.33,0,7.66,4.33,0,27.99,29.97,1.67
0.67,20.42,1.5,8.45,14.54,0,0.62,0,56.48,18.55,1.25
2.12,46.72,2.49,11.46,23.15,1.56,6.71,0,53.48,22.27,6
3.1,26.49,5.27,17.95,31.19,1.3,5.12,0,65.37,16.39,14.01
0.86,10.34,1.88,7.43,24.2,1.17,7.61,0.27,51.73,13.8,3.04
2.56,17.53,8.49,26.36,26.3,5.84,10.87,0.29,38.53,14.2,3.15
7.58,3.69,16.67,8.53,32.37,12.43,31.36,1.55,4.78,49.62,8.23
1.54,21.09,3.79,13.54,21.58,1.32,1.52,0,75.58,16.82,3.55
2,31.64,7.12,8.48,49.19,4.15,31.43,0,48.79,0,10.5
0,7.81,2.61,1.92,19.41,0,27.02,0,68.54,0.9,3.07
5.43,37.75,9.79,8.22,35.96,9.84,19.56,1.52,89.21,3.58,4.73
0.33,21.35,0.96,3.51,12.02,0.67,13.34,0.49,102.73,4.82,2.06
0.33,21.25,2.62,1.63,13.72,0.26,20.23,0,66.52,0.43,3.05
0,23.1,1.61,2.36,14.76,1.2,20.25,0,98.46,0.33,3.99
0.33,18.67,5.82,9.95,17.1,5.75,19.39,0,93.43,5.44,4.42
1.01,20.13,0.66,0.77,23.56,4.16,35.73,0,66.52,0.28,7.04
0.44,12.55,21.25,4.26,11.14,0,9.81,0,66.65,0.02,2.6
1.36,31.97,13.51,3.36,1.72,1.61,6.39,0,92.84,0,4.93
0.33,16.84,16.24,3.58,4.31,0.33,3.51,0,67.59,0.94,2.58
0,12.14,12.27,0.96,0.94,0.33,2.33,0,47.79,1.73,2.64
0.26,29.33,17.58,6.19,4.88,0.34,7.78,0,68.05,1.7,2.53
0,9.5,7.21,3.45,0,0.33,2.63,0,49.06,0.53,0.4
0,8.87,9.04,0.92,0.41,0.6,2.08,0,34.17,1.33,0.94
2.97,45.62,13.86,7.63,4.7,0.54,6.07,0,83.09,4.37,3.47
0.25,38.25,17.99,15.9,16.23,0.36,2.49,0,41.57,3.36,3.81
1.2,43.88,11.98,20.72,11.57,0.33,0.78,0,38.19,3.98,5.14
3.2,45.43,15.07,36.93,16.63,4.16,4.39,0,31.7,13.47,8.15
0.68,47.19,25.49,21.42,30.54,0.81,8.73,0,38.45,5.34,14.33
2.31,19.47,15.31,7.35,4.64,0,1.37,0,27.98,2.2,2.12
1.89,61.51,9.76,23.73,15.93,2.47,2.04,0,53.76,15.72,5.75
0.62,5.83,0,16.32,0.63,13.88,0.3,0.29,48.03,0.94,4.95
1.17,13.16,0,14.64,2.54,12.6,0,0.28,59.46,9.4,5.6
6.86,49.26,23.51,25.69,7.98,7.41,30.1,0,13.91,2.61,13.23
0.34,21.24,16.89,11.24,1.69,1.88,7.26,0,11.84,0,4.96
0.69,24.25,16.35,10.04,1.84,4.25,11.54,0,19.17,1.5,5.18
0,23.44,16.28,15.44,0.86,1.47,7.09,0,15.97,0.9,3.01
0,4.54,3.54,1.99,3.26,0.62,7.82,0,65.83,1,2.05
1.71,68.72,4.34,5.63,3.52,0,11.98,0,96.15,9.33,5.29
0,15.75,2.41,0.33,24.37,0.77,6.68,0.87,111.39,4.64,4.68
3.38,39.23,11.13,25.43,17.41,8.45,9.29,0.63,41.93,25.15,9.94
0.28,26.85,3.01,3.76,0.58,0.59,18.28,0,98.07,5.99,3.51
1.36,53.2,9.62,11.99,8.09,1.16,13.17,0,91.79,6.56,6.04
2.47,101.12,6.04,26.84,7.98,2.21,11.09,0.55,24.71,11.85,5.08
0,50.9,13.63,16.74,8.2,1.37,17.16,0.63,122.76,13.16,7.87
0,35.14,4.22,7.31,3.89,0.28,6.8,0.33,101.19,11.1,1.25
4.09,33.61,7.2,63.22,22.2,2.63,15.06,0.45,23.51,17.27,10.02
0,5.93,0.91,1.78,0,0.79,5.43,0,46.93,0.87,1.83
1.24,50.25,0.9,14.52,2.4,0.61,12.83,0,85.77,13.1,3.22
1.73,64.8,5.03,25.76,11.42,1.44,11.58,1.67,43.79,33.05,6.84
2.14,39.65,9.08,36.88,17.1,1.38,16.08,0,36.44,24.03,5.01
6.79,73.13,10.36,16.04,8.98,8.12,2.7,0.61,75.44,26.79,3.8
0.37,32.62,5.67,2.16,3.24,1.74,13.2,0,90.16,5.23,4.33
0.84,53.6,12.28,25.59,11.5,2.02,13.47,0.31,136.78,30.72,5.9
0.23,30.54,3.88,10.14,10.92,0.61,0.01,0,59.79,14.39,4
0.72,14.3,4.94,1.12,1.89,1.1,18.82,0,93.82,6.57,3.54
3.77,27.27,4.11,4.31,3.91,1.81,17.07,1.45,72.29,6.53,8.04
1.3,53.03,4.27,5.28,5.06,2.42,12.29,1.36,127.98,9.93,11.68
4.34,59.63,2.7,21.88,3.16,8.62,1.53,2.49,82.84,3.39,9.98
0.69,24.97,1.15,3.78,12.86,1.24,0.62,0.01,68.11,16.4,5.39
0.29,85.82,2.62,12.91,7.99,0.95,1.15,0,23.49,17.22,3.08
0.85,34.73,1.48,4.1,12.51,1.91,0.39,0,78.03,15.93,4.49
0,78.3,0.65,19.89,3.46,0.27,1.82,0,26.47,17.59,2.91
0,6.38,0,1.49,2.05,3.64,0,0,45.17,9.99,1.11
1.27,42.94,1.54,7.98,5.29,1.7,1.85,0,91.06,18.67,5.3
0,71.56,1.7,20.37,3.97,1.19,0.31,0,38.97,18.71,2.27
0.23,27.82,1.08,6.36,8.81,0.94,0,0,82.46,9.57,0.66
0.92,70.64,1.35,23.05,4.17,2.38,0.6,0.65,42.72,10.93,2.37
0.39,54.02,5.82,9.77,12.05,1.68,0.82,0,53.55,18.41,3.36
0,29.77,1.9,5.13,9.43,2.25,0.53,0,58.65,10.64,2.59
0.61,67.73,2.51,16.98,12.38,2.43,1.1,0,57.37,31.14,5.01
0.99,15.5,0.71,2.7,3.31,1.18,0,0,48.73,10.65,9.59
4.88,72.54,11.72,17.09,10.3,1.07,2.64,0,25.14,3.17,7.47
11.65,28.95,14.22,12.85,3.4,1.58,1.52,0,72.56,9.97,1.94
7.31,72.81,11.54,25.45,3.2,1.45,0.26,0,47.59,6.71,3.91
8.68,60.94,16.04,30.94,6.33,2.13,1.89,0.04,32.03,12.56,6.82
6.09,38.53,3.46,5.06,0,0.31,0.31,0,149.3,2.19,1.52
9.35,86.12,5.43,30.58,3.38,0.56,1.4,0,4.78,7.82,4.62
7.82,23.5,10.64,35.36,6.08,0.38,0.76,0,63.95,8.75,2.21
9.03,57.29,5.87,22.29,2.96,1.28,0.28,0,94.37,3.23,4.47
8.04,39.69,6.67,14.67,3.35,0,2.07,0,117.97,4.57,2.78
7.23,35.79,8.3,7.54,0.31,0.77,0.75,0,88.46,2.37,4.83
15.93,38.85,15.39,18.73,2.11,1.71,0.92,0,48.82,3.8,2.42
8.72,10.18,5.55,3.98,0.32,0,0,0,82.77,0.3,0.79
7.97,55.19,14.36,12.89,3.9,0,3.52,0,33.98,3,7.23
4.61,5.99,3.65,2.78,0,0,0.42,0,58.68,0.93,4.27
1.34,41.24,2.46,9.56,0.32,0.27,15.92,0,42.68,2.88,5.96
2.21,36.06,1.12,8.77,2.58,1.32,17.84,1.46,104.29,6.43,8.6
0.59,29.85,4.25,3.52,1.34,7.94,34.9,0,104.65,3.77,4.2
0,20.24,1.97,4.58,0,1.25,14.62,0,86.97,0.28,2.13
3.51,43.61,2.64,11.54,0.93,5.34,24.4,0.25,73.74,4.15,6.53
0.74,50.15,3.62,16.52,1.87,2.78,19.5,0,34.13,8.59,2.12
5.75,16.29,0.3,2.47,2.37,12.55,5.7,0.01,118.64,0.3,2.77
1.37,63.33,5.91,25.03,4.97,9.23,8.39,0,42.37,13.93,5.21
4.91,66.17,1.88,42.6,19.1,6,10.98,0.01,38.01,13.52,5.86
0,5.08,0.87,2.23,1.43,5.04,0.86,0.21,70.99,0,4.57
0,52.39,3.95,8.36,2.16,7.94,5.16,0,88.06,2.63,2.66
3.07,60.99,6.48,22.44,5.23,9.6,10.04,0,26.01,5.77,2.2
5.42,30.62,13.44,39,10.1,24.19,15.26,0,1.61,30.89,11.3
1.27,2.5,1.39,2.65,3.44,8.8,2.62,0.01,99.43,2.62,3.41
3.2,63.33,9.46,30.75,2.17,18.43,2.78,0.97,128.81,4.9,9.56
1.35,27.23,0.86,2.16,1.14,5.68,0.01,1.13,101.12,0.97,5.55
6.63,61.33,2.62,13.41,2.69,6.05,0.98,0.52,103.19,3.08,6.28
1.81,55.17,9.43,4.65,14.02,9.85,1.83,0.34,95.11,2.47,10.34
1.09,68.76,4.52,12.6,2.48,7.1,0.31,0.92,147.03,1.99,4.51
3.64,96.75,5.67,29.58,0.5,11.46,3.33,0.32,87.62,17.85,13.21
2.42,9.11,3.11,1.36,0.67,4.66,0.65,2.18,82.74,0.87,5.18
3.48,35.59,5.11,3.08,1.44,12.6,0.25,1.14,120.32,3.41,11.08
4.22,107.81,8.28,26.79,11.62,6.92,6.8,1.55,70.78,11.21,11.23
2.9,40.2,1.09,3.42,10.37,1.41,1.26,0.22,69.57,16.58,1.42
1.74,11.45,0,2.63,2.11,0,0,0,26.64,6.76,4.37
1.1,47.17,1.82,42.46,8.21,2.22,2.66,0.26,52.61,30.61,2.22
0.83,13.55,0.32,10.57,5.62,0.29,0.29,0.29,40.04,17.97,2.37
1.58,62.82,0.33,12.18,7.69,1.47,1.22,1.32,74.66,19.88,2.79
2.48,36.42,1.48,23.84,3.97,3.79,5.32,1.16,60.63,15.36,2.65
0,20.47,9.45,22.01,0.94,0.28,8.22,0.28,92.6,5.53,2.89
0.43,22.37,9.66,7.37,2.4,1.5,7.46,0.02,65.9,2.46,1.4
0.61,22.9,18.47,11.16,2.26,0,12.51,0,69.26,3.97,2.32
1.03,56.59,7.94,35.59,2.86,3.33,9.06,0,52.28,18.06,1.89
0.69,19.76,7.08,2.99,2.11,0.6,4.28,0,64.38,1.9,2.11
0.32,13.62,7.59,9.23,0.25,0,5.67,0,72.24,2.5,6.57
3.72,57.4,7.47,13.31,2.2,0.19,6.95,0,47.4,10.67,6.26
0.31,6.66,7.99,5.81,0,0,3.44,0,34.62,0,2.34
1.1,41.78,1.06,39.57,2.73,0,4.38,0,4.52,3.61,0.75
5.04,27.91,6.83,56.94,32.86,13.1,9.8,0.22,2.58,52.68,7.04
0.34,76.87,1.18,54.94,1.5,0.96,5.4,0,26.49,11.68,1.18
3.23,9.76,23.17,34.27,36.64,7.1,21.5,2.69,5.13,18.93,6.75
0.58,122.98,1.96,45.08,2.42,0.92,8.03,0.35,30.37,17.42,1.2
4.06,64.77,8.7,24.14,11.77,3.85,25.27,0.99,29.28,5.95,4.99
12.04,126.25,2.91,68.66,11.56,0.72,21.07,1.35,40.73,12.53,6.21
6.68,12.45,6.06,38.74,42.13,0.56,7.26,2.1,0.64,54.08,3.97
2.12,43.97,6.6,51.07,13.7,2.54,7.88,0.69,23.09,7.85,2.96
5.89,62.96,11.49,21.45,37.28,4.16,40.39,3.46,16.15,20.47,5.56
1.01,60.08,3.97,49.06,10.04,0,11.3,0,29.48,18.81,1.53
3.55,36.28,2.18,65.81,3.26,1.73,7.53,0.34,8.24,27.49,0.2
1.8,15.69,1.16,11.49,0.99,1.75,1.21,0,13.87,3.45,1.69
9.92,39.17,7.77,38.91,33.67,8.12,36.47,1.18,40.59,18.07,2.36
1.37,42.85,1.44,22.67,0.53,0.95,4.65,0,11.42,2.37,0
2.54,12.15,5.01,29.11,44.96,3.05,22.58,4.41,9.93,44.5,8.49
1.84,11.32,1.15,7.86,9.66,0,1.68,0.67,89.87,2.51,0.63
2.2,55.81,1.28,40.69,19.9,0,8.52,1,4.11,11.91,3.09
2.51,83.05,2.35,49.21,12.51,0.97,7.48,1.84,10.81,17.72,4.29
3.67,25.84,7.44,34.76,7.1,0.91,24.62,1.94,2.11,47.79,5.57
0.09,37.08,1.35,14.29,19.23,0.74,28.17,0.81,2.55,38.85,7.05
4.82,11.33,1.29,87.14,30.92,0.9,5.45,0.28,11.33,28.33,3.69
0,89.41,0,30.46,0,0,0,0.29,126.95,0,0.29
2.82,65.03,3.91,43.99,23.91,0.55,7.62,0.12,31.3,29.47,2.9
0.17,82.99,2.78,15.58,9.75,7.1,0.6,0.45,62.79,2.22,2.3
2.97,65.83,12.76,20.9,12.55,4.98,2.65,3.67,37.94,8.03,8.89
0.63,73.22,14.02,14.7,4.66,11.75,0.17,2.85,63.94,4.5,3.11
1.18,75.94,10.5,45.81,10.99,4.77,2.88,1.45,44.11,18.47,1.14
0.33,47.1,10.49,11.81,2.11,1.01,0.98,0.3,33.9,0,2.24
2.43,111.69,7.44,40.42,8.55,5.09,4.19,0.98,54.14,33.39,2.99
0.59,58.54,4.14,8.51,5.55,4.73,2.84,0.47,36.19,2.83,4.72
1.24,61.19,5.44,33.51,12.85,10,0.89,1.65,28.6,3.5,2.22
0,47.92,9.31,12.78,7.22,3.92,2.23,2.49,66.71,1.86,4.77
2.58,41.42,8.27,48.82,9.82,4.47,4.66,0.96,13.94,20.51,3.68
0,35.1,3.12,4.12,1.7,4.88,1.06,0.64,18.89,1.34,2.21
1.84,25.13,8.05,50.44,10.24,4.9,9.1,0.32,4.9,33.19,6.51
0,0.57,0,2.27,0,0.29,0,0,103.56,0,0
0,1.17,12.39,73.91,57.05,0,22.65,0,1.17,42.77,0.53
0.33,53.96,1.37,16.48,5.8,9.06,0.67,0,20.7,3.38,2.87
0.69,1.19,2.21,51.51,51.02,1.4,10.21,0.34,1.19,97.21,0.32
0,51.94,7.06,14.2,4.1,1.39,0,0.32,33.56,0.65,2.55
0,96.99,11.95,56.17,2.67,1.09,0.76,1.47,25.29,6.28,1.31
0,86.18,4.61,20.39,6.62,1.35,0.35,0,64.11,2.05,2.17
2.41,83.66,6.05,22.07,54.63,10.56,7.35,1.19,22.91,7.53,7.23
4.71,69.75,3.32,22.5,30.08,3.29,13.61,3.19,16.09,17,13.44
2.89,45.95,0.62,13.06,11.91,3.73,0.61,0.8,26.12,6.14,8.3
2.46,19.91,0.38,9.18,9.18,8,0.61,0,19.11,4.81,1.44
5.8,55.52,3.07,16.71,39.85,16.23,5.93,0,4.83,11.65,5.16
8.41,62.1,11.09,25.4,6.93,1.85,3.37,1.56,90.58,0.28,9.49
0,56.62,3.09,16.45,21.07,12.77,1.76,0,36.4,2.31,12.2
6.65,88.81,10.83,36.57,6.38,1.69,5.51,1.42,6.67,20.42,6.13
1.22,15.01,3.18,38.31,30.81,5.45,10.81,0.49,20.45,77.75,11.27
3.01,9.86,9,38.67,9.35,10.5,9.82,0.95,25.29,52.78,7.89
2.5,7.94,12.62,19.05,34.03,7.63,20.91,3.04,66.65,54.07,10.59
0,11.89,1.95,21.31,11.82,3.61,7.19,0.27,38.61,25.85,3.27
2.27,16.77,6.66,43.56,20.64,6.94,6.11,0,32.76,53.01,18.25
2.14,18.56,4.36,49.39,15.65,4.79,4.63,0,26.48,38.25,4.85
3.36,18.77,5.33,23.44,28.93,8.79,6.19,1.89,21.22,44.54,23.54
1.2,12.48,18.19,40.11,8.17,6.92,6.62,0.42,25.4,38.62,4.2
6.98,9.91,8.6,12.27,8,7.6,6.54,2.24,14.83,4.57,3.46
8.32,10.9,1.87,17,6.13,9.06,5.74,1.69,19.31,6.66,6.71
14.9,18.32,3.21,35.73,7.49,11.73,10.14,2.01,25.77,7.96,9.29
7.88,5.63,3.32,16.67,0.74,5.88,3.33,2.67,8.55,3.06,2.33
3.86,8.08,6.78,16.35,8.12,3.72,7.21,0.33,16.32,4.22,8.5
14.22,17.42,7.48,32.83,9.7,10.86,9.76,1.9,11.74,9.71,12.94
0,45.54,0.67,3.34,13.35,0.77,2.01,0.88,87.22,2.2,3.37
0,15.01,0,6.26,6.33,0.68,1.37,1.79,87.16,2.01,0.33
0.89,34.68,0.33,2,1.75,0.65,0.99,3.99,73.6,8.02,1.24
0,18.34,5.49,7.75,0.41,0.51,1.66,0.31,41.71,3.26,1.87
0,24.97,0,3.21,1.66,0,0.71,0,48.22,0.99,0.64
0.3,57.96,0.33,12.78,16.77,0.6,2.2,0.33,112.8,9.24,2.17
0,24.6,1.86,3.13,5.05,0.95,3.59,0,76.17,5.71,1.92
0,20.75,0,4.62,1.67,0.33,0.66,0,82.57,1,0
2.95,29.8,7.98,23.18,12.46,8.84,3.87,1.6,54.42,17.29,15.74
3,26.95,13.99,7.83,5.15,2.7,12.72,2.31,23.28,11.73,6.53
0.92,23.67,3.28,26.56,8.95,2.32,5.67,1.13,7.9,29.89,11.15
0,25,6.77,37.38,20.87,0.9,1.8,0,45.87,30.5,6.43
2.43,5.43,6.74,59.51,41.41,12.13,29.43,0.65,2.11,50.75,10.37
0.33,16.12,16.91,42.6,34.29,6.44,33.2,0.35,2.63,43.52,3.56
2.7,62.6,7.56,41.51,31.12,12.01,5.24,0,2.33,16.22,20.42
2.32,65.93,9.28,48.07,14.04,9.76,11.57,0,16.36,14.24,7.35
2.68,23.99,5.05,48.7,21.18,0.01,0.07,4.07,21.64,25.79,3.29
5.72,33.54,5.48,33.41,11.26,8.16,12.4,2.08,38.21,24.4,4.54
0.36,2.01,9.31,2,105.24,2.01,33.96,0,2.01,26.79,0.87
26.94,7.31,22.11,7.31,7.31,33.18,37.02,11.23,7.31,7.31,32.46
0,1.54,6.46,92.7,9.34,0,3.04,0.32,3.96,38.39,3.32
0.94,38.02,15.17,13.8,8.58,0,2.1,0,23.81,1.46,1.28
3.48,0.8,14.7,20.28,30.43,13.74,11.13,0.33,1.77,19.52,3.68
0,0.28,0.33,85.98,15.25,0,1.28,0,0.06,23.96,0.31
1.28,53.63,10.35,22.39,10.95,1.03,2.94,0,37.55,1.94,3.13
0.69,0.39,5.39,100.42,21.77,0,21.71,0,1.16,25.09,0.22
0,1.55,2.28,112.5,13.17,0.32,5.6,0,3.05,26.03,1.03
0.36,0,0.82,110.3,66.27,0.39,1.1,0,0,13.54,1
10.29,7.37,7.71,58.47,67.5,11.47,10.38,4.87,7.37,13.31,13.59
1.86,0.03,9.56,128.5,14.16,2.09,2.95,0,0.09,6.63,2.59
0.35,0.57,3.46,156.19,24.08,0.66,6.16,0,0.51,14.85,0.31
0.46,0,4.68,136.61,14.14,1.96,3.98,0,0.13,9.53,0.37
0,0,3.7,131.36,6.9,2.31,5.72,0,0.05,32.89,0
0,1.57,2.1,117.28,18.64,0.77,5.43,0,1.53,22.58,0.33
4.8,3.17,20.56,3.17,82.78,3.75,28.66,0.91,3.17,14.17,3.31
4.92,0.64,3.39,49.34,53.28,15.89,4.98,0.68,3.22,10.34,2.19
0,6.39,0.69,110.75,24.97,0,3.05,0,6.39,31.49,1.51
0,7.03,0,111.96,5.24,0,1.16,0,7.03,18.95,0
0.93,5.64,9.11,72.96,26.14,0.5,11.42,0,3.6,19.76,3.52
12.52,3.5,13.23,10.07,111.74,16.62,23.41,9.24,5.54,26.37,7.17
9.98,5.27,34.12,4.82,76.35,19.14,32.09,2.4,5.27,42.05,9.01
10.45,1.28,56.93,1.48,63.46,35.76,7.58,10.98,1.28,1.48,21.19
21.99,2.62,52.4,3.84,53.4,54.74,103.81,11,2.62,2.62,11.37
3.85,19.21,3.44,16.9,94.47,4.58,33.39,1.87,11.69,6.82,3.19
7.66,1.83,12.42,18.3,69.65,9.24,22.31,3.41,1.83,19.89,12.75
0.83,4.66,9.79,1.22,97.83,0.95,29.7,0,3.53,34.11,0.61
20.66,2.78,35.69,5.7,97.55,18.35,19.46,14.31,2.78,8.2,12.3
0,0.05,1.4,99.81,7.37,0,0.3,0,0,11,0
0,5.22,6.43,27.59,88.77,0,13.43,0,5.4,8.36,1.74
0,0.12,5.77,93.6,36,0.54,0.98,0,12.97,10.83,4.4
2.44,1.15,6.73,76.91,37.85,5.2,10.3,1.49,2.21,28.04,19.52
3.23,3.04,23.82,3,115.23,20.21,16.46,10.27,3.04,5.36,3.2
1.6,0.1,3.56,14,70.35,6.15,8.33,0.78,0.03,39.91,5.96
8.39,0.71,4.67,0.71,100.37,14.43,15.2,1.11,0.71,4.65,13.07
0,3.9,0.96,130.96,8.46,0,4.41,0,2.31,14.69,0.14
0,9.23,4.2,82.12,39.05,0.22,9.01,0.37,17.21,31.7,3.13
1.99,0.56,3.39,110.98,30.5,1.34,4.53,0.75,0.57,40.67,1.34
0.32,1.62,2.93,104.63,36.38,2.24,9.8,0,1.62,48,0.58
0,0.85,0.71,109.18,9.83,0,0,0,3.8,11.76,0
0,6.95,2.35,136.97,7.87,0.3,1.32,0,13.41,21.38,0.32
0.65,11.63,7.59,97.52,36.01,3.99,8.68,0.63,6.01,16.54,1.85
1.84,0.33,2.01,0,6.4,1.01,5.48,1.02,0.38,0,11.75
0,1.25,7.46,0,1.7,2.31,0,1.44,0.03,0,23.37
1.21,0.34,7.06,0.34,9.38,3.35,4.12,0.39,0.47,0.32,13.13
0.65,0,18.42,0,1.11,1.97,0.74,0,0,0,16.85
1.46,0.09,4.08,0.09,0.09,3.34,0.06,0.02,0.09,0.92,21.09
0.49,0.6,8.07,0.03,3.14,3.86,2.58,0,0.63,0,16.26
6.71,20.19,1.29,26.58,5.44,0.39,0.91,1,17.07,2.6,2
4.76,34.65,2.13,20.91,4.38,0,0.2,1.22,15.29,8.01,5.21
3.88,48.78,0,29.11,1.8,0,0.45,0.35,15.23,2.74,5.27
4.58,12.8,0,12.31,7.33,0,1.48,0,33.59,3.47,3.75
3.26,34.27,1.13,16.3,3.66,0,0.55,1.08,27.81,1.89,1.87
3.82,14.96,6.64,0.5,0.84,0.57,0,0.97,39.73,3.45,0.89
5.58,25.54,7.77,4.11,4.11,1.11,0.42,1.46,7.52,8.91,2.91
6.51,32.18,4.33,2.11,0.57,0.61,0.53,0.44,74.74,3.29,1.42
3.65,37.91,10.12,12.85,8.3,0.83,7.14,0.46,13.42,14.93,1.98
3.41,13.16,0.56,0,0,0.67,0.32,0.32,43.1,0,1.18
2.93,25.53,2.79,15.28,3.7,0.32,2.59,0,12.6,17.13,2.49
1.8,22.27,2.16,21.05,6.42,2.64,4.78,0,43.47,0.03,0.67
1.86,15.83,8.87,24.69,9.62,4.41,6.61,0,50.02,17.29,3.01
0,15.67,2.3,5.15,11.28,0.32,4.43,0,45.77,3.38,2.1
0,2.42,4.86,1.96,0.82,2.6,10.54,0,125.67,0.82,0.29
0.29,26.89,0.87,6.09,0.9,0,4.17,0,27,1.28,0.95
0,33.03,2.34,12.13,5,0,4.11,0,27.54,0.87,1.31
0.33,24.02,2.55,5.11,4.42,4.66,3.7,0.7,33.17,0.51,0.33
0,35.83,2.23,4.8,0,0.74,5.36,0,73.79,1.14,0.32
4.33,16.42,2.84,20.93,8.56,0.86,4.68,0,24.52,8.66,5.82
0.46,10.38,0,6.23,1.36,0,7.17,0,45.31,1.93,1.15
5.01,11.36,0.28,8.13,0,0,0,0.23,44.99,0.61,2.32
0.31,10.08,1.59,2.16,4.47,1.48,9.88,0,14.19,0.35,2.35
0,11.48,0.49,2.82,11.75,0.32,15.82,0,39.96,0.08,5.29
2.1,0.2,1.04,1.84,1.29,1.42,2.3,1.18,13.39,5.6,2.14
5.96,16.95,4.38,9.7,5.91,6.23,5.84,1.1,13.63,17.99,12.79
9.16,12.74,4.99,1.46,21.4,7.8,8.65,2.99,17.74,7.92,10.28
21.64,21.98,16.1,24.56,18.13,4.04,12.03,0.45,37.9,18.47,23.29
6.55,13.64,4.35,10.11,17.33,0.78,2.95,0.42,16.34,7.78,12.5
3.88,40.93,15.41,20.06,30.11,9.86,13.68,6.85,30.8,14.66,19.89
3.73,10.81,2.69,14.09,11.29,2.93,3.04,1.47,12.17,5.4,4.16
4.94,16.85,2.63,13.61,8.48,0.49,8.38,1.46,4.18,8.15,9.2
6.99,12.76,5.03,1.62,5.14,2.12,7.19,0.62,17.64,6.5,7.56
0.46,18.18,2.11,13.05,6.34,1.27,4.12,2.11,13.89,1.64,3.3
5.59,24.47,3.97,19.23,10.79,4.5,7.08,3.45,16.01,7.43,6.78
7.45,25.93,1.7,0.96,4.86,0.82,6.95,0,17.94,5.29,7.58
3.25,9.98,3.71,7.27,2.76,1.66,0.66,0.26,27.17,2,2.44
2.74,16.69,2.09,4.95,4.42,3.62,3.95,1.07,29.99,2.99,4.57
5.65,12.45,4.91,12.53,12.15,1.28,6.06,0.33,30.81,5.3,8.19
5.09,9.51,1.24,2.03,3.63,0.28,5.12,0.75,10.05,4.85,8.21
5.89,10.23,3.46,3.41,3.93,6.16,2.19,1,7.15,2.04,6.47
3.58,13.37,2.64,2.18,5.35,0,2.89,1.09,23.5,1.87,2.83
17.13,12.93,2.5,7.36,3.92,0.33,5.21,1.26,15.36,4.95,9.41
17.02,6.13,1.63,1.71,1.53,0.57,2.3,0.29,28.92,0.65,3.28
4.03,13.11,2.18,6.28,4.23,0.61,4.83,0.69,35.15,4.5,5.92
8.03,13.96,2,3.05,8.86,1.65,5.29,0,23.66,5.7,3.09
8.56,2.55,3.72,0.64,6.72,0,3.76,0.56,3.56,1.25,4.84
8.99,6.3,2.31,4.27,3.76,3.36,1.69,0.66,10.13,5.33,12.21
3.85,23.41,1.21,4.93,4.65,2.86,3.98,1.11,34.45,3.83,4.73
13.61,15.1,2.1,5.97,5.52,1.43,10.38,0.33,25.14,7.34,8.33
5.15,17.9,1.95,9.05,3.23,0.69,4.31,0.4,18.06,5.22,9.04
3.92,11.35,3.5,9.09,4.55,5.78,7.86,0.71,13.35,29.7,3.26
5.75,15.78,2.75,5.24,12.4,0.44,5.8,0.01,42.91,3.38,7.36
4.08,1.76,1.32,2.32,0.33,3.69,0.33,1.33,11.54,3.36,2.69
0,24.76,0,7.97,1.66,5.66,1.52,0,33.74,1.9,0
0.33,25.81,0.66,4.8,2.88,8.64,2.3,0,26.2,3.68,3.97
0,16.23,0.33,2.98,0.99,7.98,0.33,0,20.49,2.32,0
0.33,31.58,0.48,7.58,3.57,7.22,1.32,0,22.85,0.98,4.63
2.85,6,0.28,4.61,7.3,2.71,3.33,1.34,8.77,0.61,2.48
3.64,23.8,5.68,13.78,3.55,1.27,0.33,0.66,28.33,6.71,3.58
3.56,5.26,1.72,1.93,1.97,0.99,1.33,3.65,24.03,0.95,1.6
2.99,28.42,1.46,4.25,3.82,2.56,1.63,0.3,18.33,2.48,2.81
2.98,11.89,1.96,10.99,6.96,5.69,2.02,0.67,3.26,5.19,1.98
2.92,6.08,0.67,6.64,19.19,7.1,4.98,1.36,11.42,3.45,12.52
5.3,17.52,7.83,13.74,12.24,9.76,3.95,2.09,10.71,10.56,7.09
23.22,14.96,16.45,14.28,21.86,4.52,18.55,3.7,24.07,17.75,35.7
1.63,13.06,6.39,8.57,11.3,0.6,2.41,0.33,10.04,2.69,2.64
2.62,15.17,11.4,25.54,18.27,6.53,3.25,1.89,6.25,17.43,5.75
5.26,1.17,14.25,2.27,10.93,13.48,4.97,1.72,5.39,7.27,3.24
5.1,13.51,7.76,13.33,25.66,5.8,6.79,1.36,3.99,4.21,7.04
3.36,13.35,4.98,1.76,8.65,3.51,1.98,0.33,6.32,2.71,2.96
1.84,6.4,8.9,2.44,15.24,8.34,4.14,1.52,11.44,5.31,2
2.78,10.66,1.25,15.09,12.55,6.11,2.8,3.16,8.66,8.92,6.78
1.77,23.43,6.27,13.37,12.71,1.84,6.12,0.02,9.54,5.06,14.37
7.09,1,1.37,5.17,7.9,5.57,1.03,1.01,0.04,1.7,7.01
6.95,18.84,2.32,10.94,14.83,8.29,15.59,3.05,30.44,5.85,9.19
3.19,2.51,2.27,6.58,4.3,3.92,1.37,2.24,7.66,3.22,5.37
4.73,14.3,5.72,10.12,15,5.38,1.24,1.72,24.27,6.52,5.18
3.09,13.41,6.55,18.11,16.86,7.08,6.04,0.64,14.95,3.53,13.15
3.86,4.9,0.89,6.43,5.29,3.44,1.23,0.58,9.05,3.35,5.57
3.81,18.84,1.05,7.59,12.93,4.34,2.42,2.79,16.87,6.83,10.17
3.84,5.07,0.99,3.79,6.72,4.85,0.96,0.57,15.06,0.99,3.74
2.41,15.19,4.2,9.81,8.55,4.99,7.1,1.65,5.15,2.5,6.77
2.92,2.4,0,3.26,4.25,2.05,0.9,1.21,0.3,0.65,2.69
2.16,12.02,0.86,5.09,3.52,0.71,5.33,2.44,11.76,5.52,9.29
0,2.76,1.23,0.35,4.66,0.34,2.16,2,12.97,4.38,4.62
0.07,4.19,1.16,3.93,2.27,0.42,20.7,7.95,19.85,0.76,11.61
0.33,4.23,0,4.21,4.32,0.79,6.11,2.03,16.85,2,2.96
2.53,37.86,0.71,6.69,4.97,2.63,5.68,4.72,18.56,3.8,6.83
0.37,3.61,0,0.33,2.48,0.61,4.95,2.66,11.98,0,2.92
12.62,23.12,2.28,1.19,7.25,0.99,7.16,0.6,15.02,1.08,5.52
11.4,9.72,3.9,2.28,9.87,1.36,8.66,0,7.49,3.9,4.46
3.6,4.35,2.33,0.41,3.08,1.75,4.74,0.82,17.9,0.7,7.38
4.53,13.33,1.06,3.29,6.01,1.19,6.52,0.8,11.62,9.69,6
5.5,4.57,2.11,21.76,6.41,5.01,6.54,2.36,7.79,3.25,2.06
3.05,6.82,1.2,1.69,3.58,2.01,4.86,1.29,13.76,20.22,2.9
5.08,10.7,11.78,6.67,15.79,5.41,14.74,0.28,9.44,7.92,10.42
11,2.33,3.12,17.54,9.45,38.08,14.04,6.41,4.92,0.35,10.45
3.98,7.25,10.27,9.77,6.11,6.25,7.28,2.23,2.36,9.94,6.73
5.39,6.23,2.24,17.39,2.61,9.47,6.4,1.57,3.04,2.46,7.36
2.66,1.51,2.67,7.76,1.04,1.86,2,0.67,0,2,1.87
7.86,14.44,4.31,27.85,7.54,11.76,5.13,1.49,10.67,9.43,7.01
5.85,19.26,1.52,5.52,12.96,1.52,7.85,1.64,9.39,22.71,7.18
2.81,10.43,2.09,5.1,2.93,5.92,6.35,1.65,10.94,27.21,2.52
3.76,0.94,0.47,2.5,1.02,1.38,2.06,0.04,3.3,4.24,2.55
4.19,6.53,4.1,7.21,2.48,2.96,4.49,0.77,16.43,10.44,4.6
3.74,8.54,1.55,3.14,3.11,2.33,3.33,0,10.74,4.34,3.31
1.34,0.6,3,0,0,0,4,1.33,0.58,13.36,0.33
6.34,41.98,22.92,26.9,6.8,10.19,11.54,0,10.5,8.04,12.66
0.33,7.77,8,7.58,1.34,6.08,5.53,0,19.69,2.91,0.98
5.18,0.44,13.37,0.44,2.37,5.57,2.15,1.6,2.11,14.24,0.94
6.26,23.94,1.72,6.36,4.91,3.15,6.4,0.79,24.52,3.69,4.48
28.61,20.89,24.03,15.26,25.03,2.45,5.49,4.11,9.54,12.22,33.25
3.78,7.14,0.42,16.48,9.89,0.71,2.91,0.27,18.67,2.56,4.17
5.57,13.82,7,20.01,4.38,2.58,7.14,0.3,20.64,7.11,9.17
4.01,11.45,2.51,8.63,1.74,5.07,17.89,3.78,3.35,6.24,3.37
4.14,22.8,1.65,11.21,7.13,2.8,6.47,0.33,21.28,3.34,4.47
5.65,4.89,0,10.16,3.48,7.54,7.57,2.33,4.55,3,4.99
5.85,0.9,1.06,15.28,2.1,5.96,2.31,1.82,7.83,1.3,5.51
3,9.79,0,6.16,0.33,5.67,0,0.33,9.88,0,2.99
3.67,8.15,0.66,4.66,0,4.99,0.43,0.33,15.35,0.68,8.6
3.12,2.33,2.12,0.75,0.02,2.19,2.4,0.02,0.36,5.67,4.46
4.2,9.13,3.5,2.58,3.19,0.61,5.37,0.66,21.7,14.62,12.25
1.3,18.7,3.12,7.71,10.14,4.9,1.58,1.53,8.96,4.31,4.63
8.84,10.76,2,5.3,5.03,11.35,8.49,0.26,9.47,35.83,11.66
2.12,14.78,2.35,4.9,3.99,2.54,5.27,1.01,14.51,11.54,2.92
5.76,1.99,2.77,6,4.37,0.67,0.76,0,6.89,1.32,2.35
1.66,2.86,3.82,6.07,0,0.75,1.29,0,19.56,1.43,7.03
0,0,0,0,0,0,0,0,0,0,0
0,0,0,0.33,0,0,0,0,0,0,0.67
3.74,24.8,22.04,31.72,17.07,4.33,5.52,0.22,10.85,20.96,8.36
3.57,0.75,6.06,2.36,3.66,0.45,0.64,0.06,1.45,1.51,1.65
4.53,7.41,9.53,10.28,6,0.02,0.85,0.33,5.51,4.88,3.81
4.52,0,7.49,0,0,3.97,0,2.94,0.33,1.91,3.07
2.36,1.49,2.95,5.99,3.56,0,0.47,0,4.19,1.2,2.88
3.57,0.03,14.21,0.03,0,4.2,0,4.54,1.36,1.62,0.99
2.86,2.41,5.53,16.5,11.45,1.09,2.97,0,6.58,7.03,7.95
1.68,7.6,3,14.73,3.62,0.98,0.4,0.02,3.78,2.23,3.88
3.42,8.9,2.21,1.7,3.99,4.27,9.62,2.94,34.68,4.63,4.66
7.79,13.75,3.83,10.65,7.95,7.82,0.33,2.72,14.81,2.79,6.74
4.04,1.75,1.59,8.48,1.15,2.72,5.07,1.59,10.52,0.65,1.37
1.36,7.33,0.51,6.3,11.27,2.06,4.68,1.18,1.89,3,4.82
7.61,0,2.15,10.81,2.32,3.14,3.6,0.89,27.6,3.71,2.87
0.32,12.96,3.96,1.71,8.24,0.84,0.8,2.59,6.23,0.63,2
1.6,12.8,0.33,4.37,5.66,0.66,2.19,1.54,6.15,0.66,4.26
5.6,7.65,0,9.72,3.99,6.99,2.67,2.33,13.08,0.9,4.67
4.79,28.71,1.56,21.44,5.26,4.55,5.4,4.98,23.4,8,7.93
2.8,6.81,1.09,3.6,5.47,2.24,1.65,0.8,16,1.51,1.94
7.57,13.34,2.07,33.28,7.46,9.54,14.92,5.43,7.45,6.43,7.95
4.67,2.91,0.61,8.77,1.94,4.81,6.73,0,4.98,1.35,4.06
4.58,2.91,1.07,20.04,4.87,5.72,4.96,3.61,5,4.96,13.32
3.36,12.55,0.35,11.37,12.89,3.68,6.26,2.13,5.19,6.1,8.53
1.94,2.29,0.3,1.21,6.99,0.45,1,0.96,4.68,6.23,4.83
24.49,30.39,14.59,16.4,31.73,5.43,7.95,5.9,13.15,10.05,36.02
6.09,9.84,3.93,10.78,5.19,5.69,3.45,2.99,7.55,4.29,7.59
4.32,4.71,1.59,8,3.2,5,1.97,3.09,5.85,2.11,5.92
8.99,18.85,4.37,15.33,24.63,0.01,4.25,0,4.1,11.04,14.7
4.39,7.84,5.93,17.23,1.58,0,1.03,0,3.04,10.19,3.83
10.46,23.59,2.96,37.68,6.96,0.05,3.89,0.04,14.89,9.89,5.68
3.35,1.1,1.16,3.84,3.11,1.05,2.04,2.72,1.56,0.83,3.43
0.79,18.24,1.07,16.91,5.75,2.91,4.77,3.45,24.3,14.92,5.41
6.09,9.81,1.28,7.39,22.12,8.42,7.41,2.95,5.93,9.51,6.35
1.24,12.63,0.71,2.36,4.84,0,2.82,0.33,10,0.02,2.27
6.91,7.77,2.87,14.62,7.69,5.11,10.16,1.87,1.68,6.17,5.27
8.48,6.31,4.88,46.45,13.65,8.67,23.21,4.56,3.69,11.97,16.42
5.1,9.26,0,12.43,1.06,9.05,4.37,2,5.34,3.78,6.63
7.4,6.17,3.65,4.04,1.91,7.73,13.97,6.42,9.93,2.17,6.13
2.41,3.1,0,3.6,1.76,2.96,3.25,1.47,3.93,1,4.49
8.94,15.55,2.84,9.26,5.5,3.64,10.03,1.78,9.01,8.45,12.47
0.33,28.2,1.5,7.97,4.31,2.95,5.92,0.65,12.8,3.87,3.86
7.48,10.07,6.95,5.62,7.36,3.74,13.23,5.04,13.73,3.21,8.64
4.5,7.45,3.07,1.93,3.77,4.02,14,2.1,9.31,1.33,3.22
3.92,10.38,2.91,4.44,3.09,5.63,4.94,1.41,5.15,8.34,7.6
7.11,4.69,7.92,3.64,9.62,4.11,7.82,3.26,4.64,7.68,5.71
6.82,18.95,10.84,8.35,8.58,7.79,12.06,0.26,13.95,4.71,6.22
8.68,0.7,1.81,1.03,1.33,3.33,5.29,6.88,1.18,2.55,5.76
6.57,28.2,5.7,10.98,25.11,8.07,23.34,6.62,6.82,10.15,13.57
3.88,11.6,2.16,4.91,3.28,4.13,1.99,0.67,11.73,1.93,5.65
3.86,7.28,1.43,0.53,2.73,4.32,5.51,1.54,4.62,1.56,3.05
4.68,12.67,8.38,12.33,2.96,6.82,8.66,3.95,7.91,2.87,6.53
6.6,17.5,1.31,5.41,2.96,5.59,1.36,0.83,13.44,5.71,2.73
4.97,11.67,3.82,4.26,7.19,3.79,7.22,3.11,12.08,3.7,5.18
13.51,19.13,2.36,4.82,6.27,8.52,0,1.4,6.73,1.7,1.12
4.13,22.81,0.64,11.34,11.86,3.17,3.92,2.45,2.43,2.46,3.38
0,0,0,0,0,0,0,0,0,0,0
3.65,1.75,0,1.27,5.22,1.21,3.46,1,0.89,0.41,5.42
2.93,5.26,2.3,4.99,4.2,3.33,4.83,1.98,7.42,1.35,4.95
0,0,0,0,0,0,0,0,0,0,0
4.42,19.79,5.42,6.59,5.94,3.22,5.26,2.5,24.12,4.01,4.35
2.99,3.58,1.28,0.33,5.37,1.66,6.38,1.67,5.91,11.63,3.8
6.97,1.89,1.33,1.64,9.29,1.76,13.94,2.45,3.34,1.28,5.89
0,0,0,0.99,0,0,0,0,0,0,0
6.51,17.88,3.53,23.66,4.81,3.72,10.75,1.04,22.69,6.7,12.66
1.72,14.36,9.73,12.08,18.13,7.11,4.45,1.98,10.97,5.83,2.92
6.65,0.74,16.3,2.59,11.53,19.26,10.25,1,0.02,1.88,7.88
3.72,8.77,4.61,32.7,9.54,1.51,8.12,0.56,17.12,7.21,9.85
5.07,4.04,1.38,3.38,2.4,3.4,5.46,1.03,7.49,2.38,5.62
2.64,27.66,7.47,12.27,9.22,8.97,2.53,1.29,27.1,3.4,4.54
3.06,17.09,5.91,13.88,2.13,1.81,2.11,0.33,15.99,7.21,2.86
1.99,16.17,2.35,2.57,4.92,2.61,4.95,2.2,6.64,4.76,4.07
9.94,12.17,5.31,12.59,7.22,10.03,23.54,9.26,19.78,10.68,11.71
7.42,12.08,3.03,6.43,3.51,6.8,14.38,8.6,6.47,9.79,10.53
11.36,7.59,2.19,6.96,4.48,3.13,29.72,2.87,9.04,5.86,14.4
4.64,8.95,2.84,2.85,0.91,0,2.1,0,37.6,0.61,4.29
6.1,12.33,2.93,9.33,8.31,1.45,12.31,3.28,36.77,4.79,7.56
12.07,5.77,0.33,0.35,2.31,0,3.64,0.57,20.37,1.98,2.27
9.06,10.03,1.93,8.44,2.45,2.78,8.7,3.05,49.59,6.01,6.88
5.85,17.89,1.66,3.29,4.74,0.35,2.23,1.76,33.49,1.32,5.28
10.63,3.82,1.34,2.51,1.85,2.73,4.48,1.15,48.31,1.66,2.69
5.83,6.43,0.32,0.96,2.96,0.45,3.36,0.87,31.33,1.29,2.14
12.74,5.58,0.34,1.21,1.32,0,4.84,1.82,27.8,1.38,3.82
6.74,5.32,1.25,2.09,2.31,0.02,3.27,0.57,32.53,4,2.5
4.13,10.7,3,5.63,3.97,0.3,5.81,1.42,50.62,4.79,2.17
4.62,1.22,2,11.58,3.92,6.09,7.67,3.05,5.63,0.66,5.12
3.28,2.44,0.48,21.02,2.33,7.5,8.1,2.2,4.91,3.01,4.2
7.4,5.15,4.54,16.2,14.83,9.67,5.99,1.66,13.5,11.09,7.07
0,23.74,4.51,14.5,0.97,0.65,5.16,0,10.06,5.06,0.62
4.24,17.57,1.76,29.47,5.53,3.85,2.72,2.28,29.48,17.48,8.42
14.33,0,1.32,12.31,2,10.66,6.99,2.66,0,3.33,14.98
0.26,15.49,7.45,9.62,3.57,1.64,5.94,0,7.91,0,3.31
9.34,2.41,1.56,6.33,8.99,8.65,6.37,4.32,1.72,1.32,12.99
6.94,9.24,19.81,15.64,26.34,4.81,11.76,2.97,3.08,10.47,8.1
1.98,19.75,2.75,5.51,19.28,0.39,4.67,3,4.41,11.71,2.6
2.65,0.3,1.66,4.52,2.4,0.05,1.91,0.73,0.37,2.35,3.03
2.3,36.27,0.33,14.25,14.07,1.22,6.1,1.15,9.46,13.41,3.5
1.34,13.55,1.01,8.09,8.02,1.73,5.5,0.52,2.62,4.32,2.34
0.33,6.75,0,5.13,19.37,0,2.81,0.78,7.51,3.59,0.57
2.74,33.45,4.36,11.72,21.7,0,5.88,1.77,7.62,11.29,10.4
0.57,8.93,0.46,4.3,2.32,0.32,2.88,0,4.28,1,1.33
0.25,7.13,5.21,11.6,17.94,0.65,5.69,1.94,1.07,5.8,2.39
0.49,4.84,0,3.26,4.67,0,1.66,0.54,6.67,0.95,4.89
21.66,4.63,2.62,31.39,7.36,9.2,14.82,2.5,9.71,7.57,8.87
13.38,8.88,2.25,38.36,22.97,18.53,26.01,4.64,5.99,19.64,18.02
11.34,0.05,1.01,10.7,3.05,10.67,7.7,2.34,0.05,1.05,8.64
14.82,13.47,2.35,25.09,7.93,9.18,6.41,2.18,17.32,20.44,15.36
5.1,15.27,2.1,11.45,2.88,6.39,14.58,4.1,9.72,9.21,6.22
6.15,2.37,5.53,6.26,1.54,6.57,11.18,1.51,7.08,1.87,4.58
2.72,1.41,1.87,4.58,0.67,2.05,1.55,1.39,0.95,2.54,2.37
7.2,10.63,8.35,4.53,14.45,6.89,35.9,4.65,9.28,4.61,15.58
6.38,11.51,4.81,3.34,10.51,3.87,16.01,3.64,10.48,4.29,4.93
0,30.62,0.33,9.88,0.66,3.66,1.97,0,30.14,1.71,1.33
11.33,3.22,0,9.53,3.73,2.9,4.85,0,35.39,2.21,3.65
3,4.05,0,1.84,0,0.33,3.04,0,30.78,0,0.33
0.34,24.19,0.33,7.92,5.92,10.85,0.7,1.36,26.7,3.71,3.38
0.63,5.71,3.76,0.65,1.12,0,4.2,0,33.97,0.33,1.31
1.68,13.9,2.33,10.5,17.12,3.14,12.03,2.74,11.59,7.01,5.41
0.96,17.46,0,10.85,3.76,1.35,3.17,0.3,17.17,4.28,1.24
5.11,4.3,0.31,11.68,2.63,6.32,2.99,3.65,6.16,1.39,6.86
10.75,7.21,1.68,15.36,2.63,6.05,6.68,4.38,8.2,0.33,8.15
0,6.23,6.49,0.33,4.78,0.63,2.94,0,31.82,1.05,0.85
0,30.84,6.12,19.45,2.37,1.78,2.01,0.63,7.12,22.25,0.31
3.72,23.24,4.07,8.67,7.47,9.43,1.98,6.35,19.69,4.6,9.54
3.78,12.22,4.31,22.03,7.84,7.11,9.28,4.08,3.57,3.16,5.37
6.7,6.58,3.3,4.86,22.32,3.89,6.27,2,8.53,6.81,3.33
3,15.87,2.3,7,17.62,0.68,5.41,2.3,9.36,6.02,4.42
4.27,17.85,5.64,9.3,18.46,7.81,10.01,2.22,9.67,11.65,5.92
5.4,8.74,3.93,6.31,17.74,4.96,8.52,2.64,7.01,3.99,3.84
0.33,16.08,0.33,6.79,14.77,0.72,0.34,2.73,13.23,5.09,4.68
3.35,19.03,2.81,12.69,4.64,5,3.43,1,6.23,2.81,8.86
6.84,14.69,3.72,22.46,3.35,0,1.22,0,1.06,11.25,2.28
8.97,31.98,8.5,27.37,2.53,2.49,3.22,0,3.33,12.75,9.29
1.49,11.19,2.17,7.03,8.59,3.97,2.3,3,9.88,5.51,6.91
12.1,12.52,1.54,24.83,3.8,8.56,13.04,10.62,7.47,10.71,12.11
10.26,25.43,1.02,25.44,5.03,0.67,10.24,0,5.69,13.14,3.12
4.6,17.17,0.64,6.67,11.81,3.05,3.25,2.63,10.22,1.67,7.14
1.64,5.8,1.7,1.71,8.85,0,2.04,2.33,3.45,1.88,2
5.13,5.72,1.95,3.24,10.11,4.58,4.23,1.71,4.74,4.17,5.77
9.39,10.02,3.78,9.58,4.67,3.91,15.72,3.58,8.03,4.37,9.2
4.12,1.95,4.97,10.69,9.38,5.28,13.32,1.75,3,1.76,5.18
5.42,3.21,3.47,6.15,4.86,4.16,18.75,4.45,15.91,8.25,8.55
4.43,6.81,3.24,8.93,7.63,4.14,2.05,2.16,4.75,2.48,8.8
3.64,5.11,3.55,2.71,2.44,2.48,5.67,3.36,8.9,3.48,2.22
7.14,4.81,6.05,10.34,6.43,0.82,2.85,1.85,40.48,7.45,5.78
5.94,5.61,8.71,3.14,1.84,0.75,1.4,2.67,38.17,6.46,2.97
0.58,5.49,2.17,13.38,0.33,0.65,0,0,39.68,1,1.47
3.6,4.9,1.31,1.99,10.61,1.8,6.45,0.69,7.49,3.68,3.76
3,13.11,0.81,17.96,0,0,2.06,0,30.02,0.67,1.21
2.07,9.44,2.51,24.13,1.99,6.89,2.73,2.85,31.38,9.99,6.52
5.21,2.33,6.96,3.96,3.49,0.2,0,1.34,42.93,3.05,2.19
10.25,7.9,11.08,11.56,7.05,0.95,2.5,2.66,46.72,4.43,6.3
0.61,2.27,0.09,11.61,0.09,0.09,0.41,0,54.91,4.53,4.09
3.66,15.72,7.49,24.14,1.93,0,5.72,0,20.11,7.1,0.24
1.5,5.52,0.3,1.54,10.15,0.47,3.01,0.43,7.59,4.5,2.43
0,3.14,2.44,12.22,0.27,4.13,0.36,0,12.07,2.31,5.25
1.08,17.31,0.94,4.27,8.13,1.59,0.56,1,7.57,1.26,2.65
2.97,24.41,5.51,4.54,2.93,7.25,3.65,2.96,35.25,9.51,7.37
1.6,0.1,1.99,0.1,0.1,0.28,0.05,0.01,1.25,0.75,3.9
4.03,12.64,9.61,12.84,8.98,6.81,5.61,7.16,32.84,39.5,9.21
4.15,35.13,3.96,19.33,3.5,2.63,4.66,2.01,20.85,20.28,5.63
2.76,22.99,5.66,8.75,0.63,1.06,4.05,0.7,51.42,7.5,4.04
4.49,31.97,3.59,23.99,6.08,4.43,6.53,1.17,24.92,18.36,11.6
2.6,9.57,4.45,7.94,2.77,3.5,0.96,1.45,41.8,13.49,2.88
5.04,21.41,10.12,19.53,5.23,1.56,2.84,0.28,18.28,20.92,3.36
0.95,5.78,1.77,0.53,1.55,2.33,0.27,2.54,7.97,4.92,1.39
2.24,43.4,6.91,15.51,3.95,0.26,2.23,1.37,10.79,14.62,4.27
2.96,9.53,9.52,13.61,11.78,6.55,7.03,1.35,19.34,18.43,10.47
0.85,25.29,4.71,18.45,5.41,1.59,13.28,0.29,10.08,17.63,7.65
4.38,3.59,5.92,10.49,1.67,3.39,7.82,2.46,12.18,2.55,4.8
0,21.71,1.65,21.59,3.73,6.02,0.49,0,35.52,2.31,1.52
6.12,23.28,6.8,19.25,47.29,11.58,6.05,2.02,18.12,6.12,14.36
5.97,3.67,2.01,15.75,6.14,4.32,6.29,2.66,6.85,0.99,5.85
10.57,3.33,0.76,18.65,7.22,6.84,11.87,1.62,5.9,3.92,11.34
5.51,12.67,0,5.29,6.15,4.59,0.59,2.43,8.21,1.09,1.73
2.54,9.88,0.31,4.27,1.66,1.18,1,1.48,11.41,0.83,2.01
0.28,16.69,0.71,19.8,2.25,6.83,0.66,0,38.03,0.6,2.1
1.61,8.34,0.31,21.25,0.84,11.36,1.8,0.89,44.46,2.72,3.47
5.56,10.34,1.73,8.99,13.83,0,0.44,0.33,38.73,0.52,4.79
1.3,19.54,3.83,11.45,2,0,7.6,0,25.56,0.7,1.33
0,16.29,7.9,11.82,1.03,0,5.2,0,14.89,0.75,0
0,4.55,3.26,1.02,5.18,0,11.89,0,32.76,0.38,4.6
5.81,17.98,2.54,6.15,8,6.45,1.31,1.29,12.68,1,0.86
5.41,6.26,0.82,1.76,2.05,3.69,1.62,1.53,7.77,0.66,0.99
0.97,8.73,1.25,5.11,18.29,2.12,13.14,0.46,37.29,2.6,5.29
7.59,11.25,1.66,10.91,9.03,0,1.62,3.14,41.93,1.47,2.89
2.03,14.68,0,8.17,7.05,0.34,11.72,5.17,6.04,6.79,2.88
0.99,15.68,0,6.99,9.3,0.59,6.67,11.2,7.38,2.67,2.25
22.49,41.93,8.35,11.75,12.2,4.69,9.46,0.21,21.26,22.79,19.08
7.17,4.17,0.97,0.23,24.3,0,9.46,0.31,2.05,6.14,8.39
0.33,16.52,16.34,13.87,0.32,2.3,8.4,0,6.51,0.33,1.93
0,8.82,7.63,2.97,0.33,0.33,4.19,0,30.97,0,2.93
10.88,13.38,3.54,16.32,29.18,1.47,3.2,1.42,45.97,0.66,5.83
9.5,25.69,4.29,16.95,16.24,2.38,10.98,5.42,10.65,11.35,37.68
1.02,9.34,14.57,3.02,6.12,1.7,11.01,0,34.07,2.86,1.32
11.24,13.04,7.23,5.11,18.38,0.34,9.73,1.1,28.39,3.28,10.97
0.33,1.93,5.65,0,0.33,0,1.96,0,17.19,0,1.6
2.96,5.39,0.64,5.62,3.12,0,0.27,0.33,58.53,0,1.75
0,14.93,1.65,2.36,6.89,0.01,4.07,2.59,7.12,2.49,0.69
0.54,26.74,6.64,9.37,5.17,0.69,3.67,4.7,9,7.22,3.2
0,3.55,0.66,1,6.34,0.83,2.33,3,8.59,1.33,3.32
3.47,27.69,4.57,17.23,18.43,2.82,16.08,10.59,7.57,14.19,10.58
0,8.94,7.99,1.62,0.66,0,8.43,0,28.35,1.54,2.01
5.92,9.16,0.79,5.36,3.22,6.48,0.47,1.98,5.59,1.99,2.31
4.56,0.47,0.68,5.06,1.29,1.99,2.33,1.33,0.14,2.72,2.32
0,13.55,0,28.01,0,0,0,0,0,0.98,2
0,15.71,0.51,54.04,0,0,0,0.73,0.04,0.52,4.56
0,14.42,4.42,4.11,0.66,0,2.9,0,27.14,1.35,7.3
3.31,16.96,5.95,10.62,2.3,0.71,0,0.61,24.76,4.01,3.2
0,9.99,6.66,1.89,0,0,3.93,0,34.16,0.33,2.65
4.9,29.82,2.49,29.2,6.41,6.38,0.09,0.66,36.57,0.97,10.38
1.39,9.53,11.96,5.48,1.89,1.49,4.85,0,20.89,0,2.3
6.22,8.65,5.55,8.96,11.02,1.88,4.34,1.66,39.31,5.27,1.84
6.69,48.74,9.05,14.43,16.65,3.36,11.15,4.82,42.4,19.87,12.49
3.87,8.17,3.66,3.66,7.68,0.99,5.36,0.81,10.07,5.29,6.01
4.86,3.15,2.76,2.97,14.66,4.8,6.96,0,2.68,3.61,8.19
5.43,0.46,0,0,5.4,3.5,6.35,0,0,0,4.24
7.3,4.37,2.63,3.25,4.69,1.37,0.03,1,31.38,3.29,1.32
6.5,4.83,0.72,13.04,8.57,0.92,0.34,2.8,38.79,13.63,4.34
1.72,38.02,1.9,19.69,0.53,7.03,0.01,0.33,19.14,2.89,4.54
14.92,7.52,5.17,6.51,19.43,2.21,11.84,1.15,4.38,7.54,6.92
1.09,20,3.96,19.38,1.12,11.95,0,0.28,33.43,0.77,5.18
0,9.88,4.71,2.24,1.81,0.65,3.32,0,31.34,1.47,2.99
3.46,11.65,12.82,3.07,2.6,0.29,10.69,0,38.11,0.35,4.1
0.22,34.94,5.82,8.07,2.87,1.01,2.12,0,54.97,0.67,4.47
3.99,6.76,4.83,8.32,11.27,3.79,6.53,1.07,20.23,5.12,3.52
1.71,23.73,1.65,15.32,2.95,0.66,2.74,1.33,18.38,0.92,2.32
0,9.93,4.37,9.44,2.48,0.67,2.34,0,42.29,0.31,2.32
6.97,11.1,0.2,4.19,6.27,0,1.26,1.94,24.95,6.28,1.58
2.75,23.94,0.92,13.36,13.26,2.64,13.43,6.78,5.21,9.78,5.2
9.923333333,8.969999999,2.86,0,56.85333333,15.90333333,8.666666666,0,1.43,14.60333333,27.3
9.923333333,8.969999999,2.86,0,56.85333333,15.90333333,8.666666666,0,1.43,14.60333333,27.3
9.923333333,8.969999999,2.86,0,56.85333333,15.90333333,8.666666666,0,1.43,14.60333333,27.3
