flight,deptime,depoff,arrtime,arroff,origin,destination,,,flight,最大旅客量,最大旅客量plot,Fare
AA0001,755,-400,1038,-700,EDB,TFB,,235.3,AA0001EDBTFB,235.3,206.45,375.324625
AA0002,1405,-700,2159,-400,TFB,EDB,,154.43,AA0002TFBEDB,154.43,154.43,267.9090909
AA0003,1740,-400,2025,-700,EDB,TFB,,146.05,AA0003EDBTFB,146.05,120.8,351.4204545
AA0004,840,-700,1640,-400,TFB,EDB,,233.91,AA0004TFBEDB,233.91,233.91,267.9090909
AA0005,910,-400,1202,-700,EDB,MBY,,197.51,AA0005EDBMBY,197.51,129.9,339.8942231
AA0006,1305,-700,2059,-400,MBY,EDB,,160.05,AA0006MBYEDB,160.05,160.05,270.6363636
AA0007,1820,-400,2130,-700,FXS,TFB,,144.74,AA0007FXSTFB,144.74,128.07,345.0727273
AA0008,905,-700,1718,-400,TFB,FXS,,229.76,AA0008TFBFXS,229.76,229.76,254.0909091
AA0011,725,-400,1022,-700,FXS,TFB,,163.9,AA0011FXSTFB,163.9,127.25,375.725053
AA0012,900,-700,1725,-400,TFB,CPT,,226.14,AA0012TFBCPT,226.14,226.14,258.8181818
AA0014,1515,-700,2322,-400,TFB,FXS,,87.18,AA0014TFBFXS,87.18,87.18,254.0909091
AA0015,1825,-400,2137,-700,CPT,TFB,,205.36,AA0015CPTTFB,205.36,199.68,321.4967818
AA0016,2215,-700,655,-400,TFB,NJB,,142.17,AA0016TFBNJB,142.17,142.17,248.4545455
AA0017,810,-400,1144,-700,NJB,TFB,,210.45,AA0017NJBTFB,210.45,182.97,339.3253727
AA0018,845,-700,1714,-400,TFB,NDP,,181.76,AA0018TFBNDP,181.76,181.76,261.2727273
AA0019,1815,-400,2135,-700,NDP,TFB,,145.66,AA0019NDPTFB,145.66,119.6,321.4132273
AA0020,840,-700,1438,-500,TFB,PSE,,258.42,AA0020TFBPSE,258.42,258.42,228.1818182
AA0021,800,-500,1030,-700,PSE,TFB,,284.24,AA0021PSETFB,284.24,203.18,279.6477727
AA0022,1245,-700,1843,-500,TFB,PSE,,152.41,AA0022TFBPSE,152.41,152.41,228.1818182
AA0023,1535,-500,1802,-700,PSE,TFB,,246.3,AA0023PSETFB,246.3,183.96,306.6051477
AA0024,2220,-700,645,-400,TFB,CPT,,97.8,AA0024TFBCPT,97.8,97.8,258.8181818
AA0025,800,-400,1111,-700,CPT,TFB,,209.99,AA0025CPTTFB,209.99,181.63,336.1933967
AA0026,1800,-700,2349,-500,TFB,PSE,,69.76,AA0026TFBPSE,69.76,69.76,228.1818182
AA0029,1940,-500,2206,-700,PSE,TFB,,201.55,AA0029PSETFB,201.55,176.61,281.7840909
AA0030,730,-700,1550,-400,QEY,CPT,,198.82,AA0030QEYCPT,198.82,198.82,263.3636364
AA0035,1650,-400,2011,-700,CPT,QEY,,167,AA0035CPTQEY,167,156.47,299.5724545
AA0036,705,-700,1222,-500,TFB,NTQ,,211.51,AA0036TFBNTQ,211.51,211.51,225.7272727
AA0037,1315,-500,1452,-700,NTQ,TFB,,186.78,AA0037NTQTFB,186.78,150.81,369.867697
AA0038,1240,-700,1759,-500,TFB,NTQ,,210.58,AA0038TFBNTQ,210.58,210.58,225.7272727
AA0039,1850,-500,2026,-700,NTQ,TFB,,191.89,AA0039NTQTFB,191.89,171.82,325.7818182
AA0040,1653,-800,1747,-800,BER,BOD,,35.47,AA0040BERBOD,35.47,33.81,275.0909091
AA0041,640,-800,753,-800,BOD,CFU,,61.36,AA0041BODCFU,61.36,61.36,154.0909091
AA0042,844,-800,953,-800,CFU,BOD,,18.59,AA0042CFUBOD,18.59,17.93,275.8423636
AA0043,1222,-800,1335,-800,BOD,CFU,,98.64,AA0043BODCFU,98.64,98.64,154.0909091
AA0044,1426,-800,1536,-800,CFU,BOD,,62.57,AA0044CFUBOD,62.57,58.9,312.9716364
AA0045,1842,-800,1954,-800,BOD,CFU,,44.89,AA0045BODCFU,44.89,44.89,154.0909091
AA0046,2044,-800,2150,-800,CFU,BOD,,37.63,AA0046CFUBOD,37.63,37.63,164.4545455
AA0047,630,-800,728,-800,BOD,BER,,40.31,AA0047BODBER,40.31,40.31,130.1818182
AA0048,822,-800,913,-800,BER,BOD,,41.53,AA0048BERBOD,41.53,34.21,293.3863636
AA0049,1507,-800,1604,-800,BOD,BER,,31.99,AA0049BODBER,31.99,31.99,130.1818182
AA0051,1810,-800,1937,-800,GBJ,CSX,,102.03,AA0051GBJCSX,9.17,9.17,218.1818182
AA0051,1635,-800,1730,-800,BOD,GBJ,,102.03,AA0051BODGBJ,43.09,43.09,135.4545455
AA0052,2220,-800,2313,-800,GBJ,BOD,,68.31,AA0052GBJBOD,30.54,30.54,198.9693636
AA0052,2022,-800,2140,-800,CSX,GBJ,,68.31,AA0052CSXGBJ,15.32,15.32,205.3636364
AA0053,1437,-800,1620,-800,BOD,TDD,,51.92,AA0053BODTDD,51.92,51.92,223.6490909
AA0054,1705,-800,1847,-800,TDD,BOD,,67.61,AA0054TDDBOD,67.61,67.27,133.2727273
AA0055,1114,-800,1306,-800,CSX,BOD,,270.3,AA0055CSXBOD,38.67,32.63,242.3278182
AA0055,745,-800,855,-800,GBJ,TDD,,270.3,AA0055GBJTDD,9.86,9.86,244.9401364
AA0055,940,-800,1029,-800,TDD,CSX,,270.3,AA0055TDDCSX,1.02,1.02,218.1818182
AA0055,605,-800,704,-800,BOD,GBJ,,270.3,AA0055BODGBJ,45.19,45.19,135.4545455
AA0056,1520,-800,1842,-700,KOV,TFB,,25.99,AA0056KOVTFB,25.99,24.99,242.7619091
AA0059,1300,-700,1425,-800,TFB,KOV,,60.11,AA0059TFBKOV,60.11,60.11,336.7115091
AA0060,900,-800,1153,-700,LUO,TFB,,131.98,AA0060LUOTFB,44.39,39.43,133.2727273
AA0060,715,-800,813,-800,KOV,LUO,,131.98,AA0060KOVLUO,58.32,49.62,203.9738182
AA0061,1018,-800,1115,-800,KOV,ZBL,,131.49,AA0061KOVZBL,19.3,19.3,232.0306545
AA0061,755,-700,925,-800,TFB,KOV,,131.49,AA0061TFBKOV,59.58,50.44,280.6378485
AA0061,1157,-800,1243,-800,ZBL,DEW,,131.49,AA0061ZBLDEW,0,0,158.4058909
AA0061,1325,-800,1410,-800,DEW,BOD,,131.49,AA0061DEWBOD,15.34,11,255.3181818
AA0062,805,-800,948,-800,BOD,KOV,,443.26,AA0062BODKOV,119.65,110.01,227.2727273
AA0062,600,-800,701,-800,GBJ,BOD,,443.26,AA0062GBJBOD,86.75,83.85,138.4657879
AA0062,1030,-800,1110,-800,KOV,TJU,,443.26,AA0062KOVTJU,26.43,26.43,319.957875
AA0062,1327,-800,1620,-700,LUO,TFB,,443.26,AA0062LUOTFB,43.28,27.83,291.2850909
AA0062,1154,-800,1246,-800,TJU,LUO,,443.26,AA0062TJULUO,3.64,3.64,237.1139318
AA0064,1357,-800,1443,-800,KOV,QTH,,182.35,AA0064KOVQTH,20.67,20.67,182.6363636
AA0064,1750,-800,2043,-700,LUO,TFB,,182.35,AA0064LUOTFB,19.77,19.17,192.3017273
AA0064,1523,-800,1547,-800,QTH,XSH,,182.35,AA0064QTHXSH,0.33,0.33,141.2144545
AA0064,1630,-800,1706,-800,XSH,LUO,,182.35,AA0064XSHLUO,2.66,1.33,266.0909091
AA0064,1130,-800,1312,-800,BOD,KOV,,182.35,AA0064BODKOV,73.09,73.09,272.7272727
AA0065,1245,-800,1427,-800,KOV,BOD,,199.07,AA0065KOVBOD,62.02,55.03,250.3465818
AA0065,847,-800,928,-800,LUO,XSH,,199.07,AA0065LUOXSH,6.32,6.32,254.387
AA0065,1120,-800,1158,-800,QTH,KOV,,199.07,AA0065QTHKOV,12.38,8.01,219.3706364
AA0065,700,-700,802,-800,TFB,LUO,,199.07,AA0065TFBLUO,35.05,35.05,156.2934545
AA0065,1013,-800,1036,-800,XSH,QTH,,199.07,AA0065XSHQTH,0.33,0.33,203.8636364
AA0066,1528,-800,1620,-800,BOD,DEW,,105.45,AA0066BODDEW,34.77,34.77,270.5454545
AA0066,1700,-800,1750,-800,DEW,ZBL,,105.45,AA0066DEWZBL,0.33,0.33,267.6363636
AA0066,2000,-800,2319,-700,KOV,TFB,,105.45,AA0066KOVTFB,22.51,22.51,184.3523636
AA0066,1830,-800,1915,-800,ZBL,KOV,,105.45,AA0066ZBLKOV,10.28,6.31,294.0606061
AA0067,1642,-800,1733,-800,LUO,TJU,,307.87,AA0067LUOTJU,12.04,12.04,240.7283636
AA0067,1500,-700,1558,-800,TFB,LUO,,307.87,AA0067TFBLUO,75.14,75.14,333.701
AA0067,1815,-800,1853,-800,TJU,KOV,,307.87,AA0067TJUKOV,19.62,16.97,278.9090909
AA0067,1945,-800,2123,-800,KOV,BOD,,307.87,AA0067KOVBOD,61.58,56.28,259.4725455
AA0069,1850,-700,1949,-800,TFB,LUO,,84.33,AA0069TFBLUO,37.09,37.09,156.0320909
AA0069,2022,-800,2118,-800,LUO,KOV,,84.33,AA0069LUOKOV,17.58,16.61,289.8409091
AA0070,1950,-800,2134,-800,BOD,KOV,,104.66,AA0070BODKOV,67.1,67.1,101.0062727
AA0070,2215,-800,2254,-800,KOV,TJU,,104.66,AA0070KOVTJU,14.32,14.32,291.2850909
AA0072,800,-800,1118,-700,KOV,TFB,,109.42,AA0072KOVTFB,109.42,75.38,149.844
AA0073,600,-800,641,-800,TJU,KOV,,117.62,AA0073TJUKOV,29.24,18.08,313.7605455
AA0073,730,-800,909,-800,KOV,BOD,,117.62,AA0073KOVBOD,69.48,60.3,184
AA0075,1105,-700,1230,-800,TFB,KOV,,105.81,AA0075TFBKOV,105.81,93.48,270.5454545
AA0076,1325,-800,1645,-700,KOV,TFB,,56.14,AA0076KOVTFB,56.14,49.77,231.2727273
AA0079,2015,-700,2144,-800,TFB,KOV,,77.57,AA0079TFBKOV,77.57,74.17,267.6363636
AA0080,1030,-800,1455,-700,BOD,TFB,,60.14,AA0080BODTFB,60.14,19.41,216.7834545
AA0081,600,-700,831,-800,TFB,BOD,,100.88,AA0081TFBBOD,100.88,81.55,150.9093636
AA0082,930,-800,1354,-700,BOD,TFB,,77.27,AA0082BODTFB,77.27,32.22,115.8098182
AA0083,800,-700,1030,-800,TFB,BOD,,197.48,AA0083TFBBOD,197.48,162.18,224.1818182
AA0084,1130,-800,1550,-700,BOD,TFB,,80.64,AA0084BODTFB,80.64,37.17,129.1061818
AA0086,1700,-800,2125,-700,BOD,TFB,,53.25,AA0086BODTFB,53.25,42.59,248.1952273
AA0087,1000,-700,1222,-800,TFB,BOD,,123.58,AA0087TFBBOD,123.58,90.92,113.3100818
AA0089,1100,-700,1330,-800,TFB,BOD,,106.47,AA0089TFBBOD,106.47,87.98,219
AA0090,1530,-800,1954,-700,BOD,TFB,,50.13,AA0090BODTFB,50.13,23.52,63.23289091
AA0092,1430,-800,1850,-700,BOD,TFB,,101.02,AA0092BODTFB,101.02,57.18,110.2857
AA0093,1445,-700,1720,-800,TFB,BOD,,90.58,AA0093TFBBOD,90.58,81.65,240.3298182
AA0094,1810,-800,2235,-700,BOD,TFB,,46.83,AA0094BODTFB,46.83,46.83,246.2900364
AA0095,1730,-700,2001,-800,TFB,BOD,,32.81,AA0095TFBBOD,32.81,32.81,243.0268182
AA0096,1000,-800,1425,-700,BOD,TFB,,72.56,AA0096BODTFB,72.56,35.84,153.6366364
AA0097,1205,-700,1434,-800,TFB,BOD,,137.22,AA0097TFBBOD,137.22,113.26,116.0881636
AA0098,1630,-800,2052,-700,BOD,TFB,,50.89,AA0098BODTFB,50.89,41.13,97.1094
AA0099,1315,-700,1542,-800,TFB,BOD,,113.62,AA0099TFBBOD,113.62,109.32,243.4619091
AA0101,1545,-700,1817,-800,TFB,BOD,,67.28,AA0101TFBBOD,67.28,61.68,157.2272727
AA0103,2125,-700,2356,-800,TFB,BOD,,59.66,AA0103TFBBOD,59.66,59.66,266.0909091
AA0104,1912,-800,2329,-700,BOD,TFB,,34.4,AA0104BODTFB,34.4,34.4,227.2727273
AA0106,2120,-800,142,-700,BOD,TFB,,21.91,AA0106BODTFB,21.91,21.91,215.3636364
AA0107,2015,-700,2245,-800,TFB,BOD,,47.34,AA0107TFBBOD,47.34,47.34,229.304
AA0108,30,-800,459,-700,BOD,TFB,,82.52,AA0108BODTFB,82.52,79.44,238
AA0109,1855,-700,2123,-800,TFB,BOD,,63.14,AA0109TFBBOD,63.14,62.13,187.1136364
AA0111,2055,-700,2329,-800,TFB,BOD,,27.73,AA0111TFBBOD,27.73,27.73,189.9124545
AA0112,130,-800,555,-700,BOD,TFB,,66.29,AA0112BODTFB,66.29,20.23,62.14198182
AA0114,230,-800,650,-700,BOD,TFB,,55.5,AA0114BODTFB,55.5,17.56,116.7015455
AA0117,700,-700,935,-800,TFB,BOD,,59.77,AA0117TFBBOD,59.77,54,184.1761818
AA0119,1630,-700,1901,-800,TFB,BOD,,91.93,AA0119TFBBOD,91.93,90.76,267.6363636
AA0120,720,-800,1145,-700,BOD,TFB,,182.48,AA0120BODTFB,182.48,63.29,129.6363636
AA0121,2345,-700,217,-800,TFB,BOD,,47.96,AA0121TFBBOD,47.96,47.96,186.7490909
AA0122,1720,-800,2155,-700,GBJ,TFB,,54.01,AA0122GBJTFB,54.01,51.8,277.3351818
AA0123,1345,-700,1629,-800,TFB,GBJ,,198.09,AA0123TFBGBJ,198.09,196.56,162.3843636
AA0124,845,-800,1320,-700,GBJ,TFB,,82.18,AA0124GBJTFB,82.18,55.22,224.1818182
AA0125,2255,-700,140,-800,TFB,GBJ,,86.03,AA0125TFBGBJ,86.03,86.03,145.0533182
AA0126,615,-800,1053,-700,GBJ,TFB,,77.52,AA0126GBJTFB,77.52,55.3,284.2051818
AA0127,2140,-700,25,-800,TFB,GBJ,,50.13,AA0127TFBGBJ,50.13,50.13,267.681303
AA0128,130,-800,600,-700,GBJ,TFB,,96.36,AA0128GBJTFB,96.36,61.22,244.8402727
AA0129,1950,-700,2237,-800,TFB,GBJ,,138.41,AA0129TFBGBJ,138.41,138.41,158.7593636
AA0132,55,-800,538,-700,BOD,QEY,,80.27,AA0132BODQEY,80.27,79.36,140.4510636
AA0134,700,-800,1143,-700,BOD,QEY,,53.65,AA0134BODQEY,53.65,37.5,266.0909091
AA0135,1235,-700,1515,-800,QEY,BOD,,95.88,AA0135QEYBOD,95.88,85.13,227.2727273
AA0136,1155,-800,1635,-700,BOD,QEY,,82.51,AA0136BODQEY,82.51,70.84,215.3636364
AA0137,1740,-700,2019,-800,QEY,BOD,,117.56,AA0137QEYBOD,117.56,113.84,225.6363636
AA0138,2315,-800,825,-500,BOD,PSE,,1.02,AA0138BODPSE,1.02,1.02,192.1705455
AA0139,940,-500,1311,-800,PSE,BOD,,203.24,AA0139PSEBOD,203.24,183.7,164.0940455
AA0143,2125,-700,5,-800,QEY,BOD,,52.35,AA0143QEYBOD,52.35,52.35,143.7721818
AA0151,600,-800,734,-800,BOD,PUA,,113.25,AA0151BODPUA,53.93,53.93,226.4545455
AA0151,951,-800,1115,-800,PNF,BOD,,113.25,AA0151PNFBOD,16.25,15.92,215.3636364
AA0151,823,-800,905,-800,PUA,PNF,,113.25,AA0151PUAPNF,0.33,0.33,184
AA0152,1316,-800,1357,-800,PNF,PUA,,150.84,AA0152PNFPUA,2,2,184.3523636
AA0152,1446,-800,1614,-800,PUA,BOD,,150.84,AA0152PUABOD,51,48.43,101.0062727
AA0152,1055,-800,1228,-800,BOD,PNF,,150.84,AA0152BODPNF,58.33,58.33,323.372438
AA0153,1720,-800,1851,-800,BOD,PUA,,98.36,AA0153BODPUA,24.41,24.41,250.1066364
AA0153,2106,-800,2230,-800,PNF,BOD,,98.36,AA0153PNFBOD,23.79,23.79,192.1705455
AA0153,1936,-800,2019,-800,PUA,PNF,,98.36,AA0153PUAPNF,2.99,2.99,178.9395455
AA0181,700,-800,759,-800,BOD,GBJ,,79.7,AA0181BODGBJ,79.7,79.7,236.1230909
AA0182,800,-800,901,-800,GBJ,BOD,,83.39,AA0182GBJBOD,83.39,62.9,299.8409091
AA0183,1000,-800,1056,-800,BOD,GBJ,,68.45,AA0183BODGBJ,68.45,68.45,226.4545455
AA0184,1140,-800,1240,-800,GBJ,BOD,,60.19,AA0184GBJBOD,60.19,44.1,334.0919965
AA0187,1355,-800,1451,-800,BOD,GBJ,,46.55,AA0187BODGBJ,46.55,44.53,417.7272727
AA0188,1535,-800,1635,-800,GBJ,BOD,,51.48,AA0188GBJBOD,51.48,44.67,333.1688312
AA0189,1520,-800,1618,-800,BOD,GBJ,,50.98,AA0189BODGBJ,50.98,43.34,404.9223977
AA0190,1700,-800,1800,-800,GBJ,BOD,,78.65,AA0190GBJBOD,78.65,67.95,332.8903448
AA0191,1900,-800,1957,-800,BOD,GBJ,,69.36,AA0191BODGBJ,69.36,69.36,305.0681818
AA0192,2040,-800,2137,-800,GBJ,BOD,,63.25,AA0192GBJBOD,63.25,59.07,410.9818182
AA0195,2310,-800,6,-800,BOD,GBJ,,4.95,AA0195BODGBJ,4.95,4.95,357.955974
AA0211,1503,-600,1655,-700,NAU,MBY,,156.49,AA0211NAUMBY,156.49,156.49,336.2712249
AA0212,1037,-700,1408,-600,MBY,NAU,,180.15,AA0212MBYNAU,180.15,180.15,342.937996
AA0220,1047,-700,1620,-500,TGP,QWS,,311.52,AA0220TGPQWS,77.57,77.57,327.4545455
AA0220,725,-700,936,-700,TFB,TGP,,311.52,AA0220TFBTGP,180.49,180.49,267.6363636
AA0223,745,-500,945,-700,NFY,MBY,,167.06,AA0223NFYMBY,167.06,164.48,266.0909091
AA0225,1605,-600,1817,-700,TKE,TGP,,290.12,AA0225TKETGP,142.96,116.91,338.6840535
AA0225,2030,-700,2210,-700,TGP,QEY,,290.12,AA0225TGPQEY,98.68,98.68,357.8383838
AA0226,1940,-700,2140,-700,TFB,TKD,,322.69,AA0226TFBTKD,136.44,136.44,337.8806182
AA0226,2255,-700,428,-500,TKD,HEM,,322.69,AA0226TKDHEM,134.41,134.41,357.2272727
AA0227,925,-700,1130,-700,TKD,TFB,,393.9,AA0227TKDTFB,144.04,125.08,277.8636364
AA0227,600,-500,755,-700,HEM,TKD,,393.9,AA0227HEMTKD,191.11,191.11,266.0909091
AA0231,2040,-700,2235,-700,TGP,TFB,,228.25,AA0231TGPTFB,89.69,89.69,267.6363636
AA0231,1715,-500,1906,-700,QWS,TGP,,228.25,AA0231QWSTGP,85.15,64.43,267.6363636
AA0232,1020,-700,1326,-600,TBO,TKE,,255.89,AA0232TBOTKE,83.69,83.69,266.0909091
AA0232,645,-700,923,-700,TFB,TBO,,255.89,AA0232TFBTBO,111.36,109.61,342.595039
AA0233,1420,-600,1529,-700,TKE,TBO,,328,AA0233TKETBO,124.91,107.39,277.8636364
AA0233,1705,-700,1950,-700,TBO,TFB,,328,AA0233TBOTFB,116.48,94.93,266.0909091
AA0234,1104,-700,1513,-600,TGP,TKE,,256.97,AA0234TGPTKE,62.53,62.53,333.7020398
AA0234,805,-700,954,-700,QEY,TGP,,256.97,AA0234QEYTGP,157.11,152.3,342.2277085
AA0242,155,-700,655,-500,MBY,HEM,,205.38,AA0242MBYHEM,205.38,205.38,460.4242424
AA0243,805,-500,930,-700,HEM,MBY,,180.75,AA0243HEMMBY,180.75,176.72,277.8636364
AA0244,700,-700,937,-700,TFB,MBY,,386.42,AA0244TFBMBY,174.23,151.72,334.3033857
AA0244,1037,-700,1604,-500,MBY,NFY,,386.42,AA0244MBYNFY,201.67,201.67,266.0909091
AA0245,1704,-500,1908,-700,NFY,MBY,,384.28,AA0245NFYMBY,226.49,226.49,369.7575758
AA0245,2110,-700,2350,-700,MBY,TFB,,384.28,AA0245MBYTFB,148.87,148.87,396.0454545
AA0248,1145,-700,1650,-500,MBY,HEM,,191.22,AA0248MBYHEM,191.22,191.22,388.8766503
AA0249,1755,-500,1922,-700,HEM,MBY,,237.54,AA0249HEMMBY,237.54,233.55,289.6363636
AA0250,1055,-700,1411,-600,MBY,TKE,,147.95,AA0250MBYTKE,147.95,147.95,374.3181818
AA0251,1505,-600,1639,-700,TKE,MBY,,252.37,AA0251TKEMBY,252.37,197.77,289.6363636
AA0252,1235,-700,1558,-600,MBY,TKE,,64.27,AA0252MBYTKE,64.27,64.27,399.1254444
AA0254,1015,-700,1507,-500,MBY,QWS,,147.21,AA0254MBYQWS,147.21,147.21,289.6363636
AA0255,1650,-600,1828,-700,TKE,MBY,,179.36,AA0255TKEMBY,179.36,152.24,331.2954545
AA0256,105,-700,634,-500,MBY,NFY,,175.48,AA0256MBYNFY,175.48,175.48,330.5206364
AA0259,1605,-500,1721,-700,QWS,MBY,,283.34,AA0259QWSMBY,283.34,253.43,347.1212121
AA0300,2050,-700,2254,-700,TFB,TGP,,81.34,AA0300TFBTGP,81.34,81.34,321.5734266
AA0302,2115,-700,2237,-700,TGP,QTQ,,160.78,AA0302TGPQTQ,22.31,22.31,335.3636364
AA0302,1755,-700,2004,-700,TFB,TGP,,160.78,AA0302TFBTGP,127.16,127.16,290
AA0303,1010,-700,1214,-700,TGP,TFB,,159.49,AA0303TGPTFB,159.49,136.32,370.7424242
AA0304,625,-700,831,-700,TFB,TGP,,126.61,AA0304TFBTGP,126.61,122.61,300.0909091
AA0305,1300,-700,1505,-700,TGP,TFB,,172.6,AA0305TGPTFB,172.6,138.69,170.2727273
AA0307,920,-700,1126,-700,TGP,TFB,,366.96,AA0307TGPTFB,147.24,122.14,165.1818182
AA0307,700,-700,832,-700,QTQ,TGP,,366.96,AA0307QTQTGP,188.99,183.81,324.5432121
AA0312,1502,-700,1626,-700,TGP,QTQ,,232.03,AA0312TGPQTQ,97.3,97.3,239.2190455
AA0312,1210,-700,1418,-700,TFB,TGP,,232.03,AA0312TFBTGP,113.83,113.83,154.4179545
AA0313,1650,-700,1853,-700,TGP,TFB,,175.96,AA0313TGPTFB,175.96,130.28,170.2727273
AA0315,700,-700,904,-700,TGP,TFB,,186.19,AA0315TGPTFB,186.19,159.41,165.1818182
AA0316,1400,-700,1605,-700,TFB,TGP,,107.44,AA0316TFBTGP,107.44,107.44,327.2426667
AA0317,1940,-700,2140,-700,TGP,TFB,,357.06,AA0317TGPTFB,131.58,114.34,163.9274091
AA0317,1725,-700,1855,-700,QTQ,TGP,,357.06,AA0317QTQTGP,176.81,161.86,232.4235909
AA0318,955,-700,1203,-700,TFB,TGP,,148.38,AA0318TFBTGP,148.38,147.64,170.2727273
AA0320,645,-700,847,-700,TFB,TKD,,185.59,AA0320TFBTKD,185.59,169.86,165.1818182
AA0323,630,-700,829,-700,TKD,TFB,,131.28,AA0323TKDTFB,131.28,122.47,174.3636364
AA0324,920,-700,1122,-700,TFB,TKD,,187.78,AA0324TFBTKD,187.78,187.5,239.2190455
AA0325,1205,-700,1403,-700,TKD,TFB,,145.24,AA0325TKDTFB,145.24,127.31,154.4179545
AA0326,1225,-700,1427,-700,TFB,TKD,,111.44,AA0326TFBTKD,111.44,111.44,135.4545455
AA0327,1515,-700,1713,-700,TKD,TFB,,166.06,AA0327TKDTFB,166.06,142.99,284.5924675
AA0328,1600,-700,1803,-700,TFB,TKD,,134.37,AA0328TFBTKD,134.37,134.37,135.4545455
AA0329,1850,-700,2049,-700,TKD,TFB,,159.04,AA0329TKDTFB,159.04,150.4,307.8327374
AA0342,610,-700,810,-700,TFB,PBL,,128.72,AA0342TFBPBL,128.72,116.44,176.8181818
AA0343,1750,-700,1943,-700,PBL,TFB,,157.69,AA0343PBLTFB,157.69,130.62,258.7558636
AA0344,1505,-700,1707,-700,TFB,PBL,,103.87,AA0344TFBPBL,103.87,103.87,176.8181818
AA0346,1725,-700,1928,-700,TFB,PBL,,74.1,AA0346TFBPBL,74.1,74.1,227.6200909
AA0347,630,-700,826,-700,PBL,TFB,,138.64,AA0347PBLTFB,138.64,120.47,135.4545455
AA0349,2010,-700,2204,-700,PBL,TFB,,73.11,AA0349PBLTFB,73.11,59.65,265.1363636
AA0354,2035,-700,2235,-700,TFB,PBL,,49.65,AA0354TFBPBL,49.65,49.65,135.4545455
AA0357,1000,-700,1154,-700,PBL,TFB,,172.32,AA0357PBLTFB,172.32,149.23,196.7272727
AA0362,1330,-700,1517,-700,TFB,TNG,,96.64,AA0362TFBTNG,96.64,95.76,208.2727273
AA0363,1600,-700,1748,-700,TNG,TFB,,137.77,AA0363TNGTFB,137.77,76.89,234.5454545
AA0365,945,-700,1133,-700,TNG,TFB,,179.13,AA0365TNGTFB,179.13,143.75,178.4545455
AA0368,835,-700,1016,-700,TFB,TNG,,153.06,AA0368TFBTNG,153.06,153.06,218.2727273
AA0372,2025,-700,2205,-700,TFB,TNG,,55.17,AA0372TFBTNG,55.17,55.17,253.4090909
AA0373,1100,-700,1247,-700,TNG,TFB,,192.56,AA0373TNGTFB,192.56,116.34,159.6363636
AA0385,700,-700,841,-700,TGP,QEY,,91.79,AA0385TGPQEY,91.79,86.64,233.5003636
AA0388,1850,-700,2045,-700,QEY,TGP,,112.99,AA0388QEYTGP,112.99,108.35,225.0212727
AA0400,610,-700,754,-700,QEY,TKD,,180.56,AA0400QEYTKD,180.56,161.99,280.9090909
AA0401,1830,-700,2011,-700,TKD,QEY,,77.34,AA0401TKDQEY,77.34,68.35,175.9090909
AA0403,840,-700,1021,-700,TKD,QEY,,94.81,AA0403TKDQEY,94.81,68.76,259.7272727
AA0404,1600,-700,1744,-700,QEY,TKD,,69.7,AA0404QEYTKD,69.7,69.7,261.5454545
AA0450,2035,-700,2309,-700,TFB,MBY,,62.1,AA0450TFBMBY,62.1,62.1,245.8181818
AA0451,720,-700,1000,-700,MBY,TFB,,206.67,AA0451MBYTFB,206.67,178.18,256.5851515
AA0452,1210,-700,1445,-700,TFB,MBY,,135.55,AA0452TFBMBY,135.55,135.55,226.9090909
AA0453,1005,-700,1244,-700,MBY,TFB,,191.97,AA0453MBYTFB,191.97,148.18,210.2727273
AA0454,600,-700,837,-700,TFB,MBY,,160.92,AA0454TFBMBY,160.92,143.13,176.3636364
AA0456,800,-700,1038,-700,TFB,MBY,,148.35,AA0456TFBMBY,148.35,139.45,215.9090909
AA0457,1720,-700,1957,-700,MBY,TFB,,199.94,AA0457MBYTFB,199.94,153.34,228.5
AA0458,900,-700,1140,-700,TFB,MBY,,215.61,AA0458TFBMBY,215.61,192.5,250.8564545
AA0460,1045,-700,1320,-700,TFB,MBY,,149.59,AA0460TFBMBY,149.59,149.59,265.7936182
AA0461,1255,-700,1534,-700,MBY,TFB,,171.35,AA0461MBYTFB,171.35,137.07,224.4083939
AA0462,2120,-700,2351,-700,TFB,MBY,,47.11,AA0462TFBMBY,47.11,47.11,216.2044242
AA0463,2020,-700,2255,-700,MBY,TFB,,168.34,AA0463MBYTFB,168.34,165.96,199.2272727
AA0465,1600,-700,1836,-700,MBY,TFB,,199.65,AA0465MBYTFB,199.65,153.49,239.864
AA0467,1430,-700,1710,-700,MBY,TFB,,157.77,AA0467MBYTFB,157.77,116.14,221.8181818
AA0469,830,-700,1108,-700,MBY,TFB,,226.96,AA0469MBYTFB,226.96,193.81,222.5454545
AA0470,1405,-700,1635,-700,TFB,MBY,,117.72,AA0470TFBMBY,117.72,117.72,246.3030303
AA0471,1935,-700,2210,-700,MBY,TFB,,258.07,AA0471MBYTFB,258.07,214.23,247.7272727
AA0472,1135,-700,1414,-700,TFB,TBO,,117.48,AA0472TFBTBO,117.48,117.48,234.3146545
AA0474,1850,-700,2122,-700,TFB,MBY,,123.5,AA0474TFBMBY,123.5,123.5,287.6363636
AA0476,1655,-700,1932,-700,TFB,MBY,,115.99,AA0476TFBMBY,115.99,115.99,192.6363636
AA0477,610,-700,859,-700,MBY,TFB,,234.6,AA0477MBYTFB,234.6,176.06,239.8181818
AA0479,2100,-700,2319,-700,MBY,QEY,,174.75,AA0479MBYQEY,174.75,174.75,267
AA0480,805,-700,1046,-700,TFB,TBO,,111.22,AA0480TFBTBO,111.22,111.22,222.5454545
AA0481,1000,-700,1251,-700,TBO,TFB,,155.52,AA0481TBOTFB,155.52,124.58,230.8181818
AA0482,1550,-700,1828,-700,TFB,TBO,,106.31,AA0482TFBTBO,106.31,106.31,208.5454545
AA0483,1135,-700,1425,-700,TBO,TFB,,151.36,AA0483TBOTFB,151.36,123.17,226.2652364
AA0484,1955,-700,2236,-700,TFB,TBO,,62.56,AA0484TFBTBO,62.56,62.56,208.5454545
AA0485,1915,-700,2208,-700,TBO,TFB,,176.26,AA0485TBOTFB,176.26,155.68,225.0909091
AA0487,1500,-700,1745,-700,TBO,TFB,,159.05,AA0487TBOTFB,159.05,120.64,226.2652364
AA0488,955,-700,1235,-700,TFB,TBO,,123.62,AA0488TFBTBO,123.62,123.62,247.7272727
AA0491,1320,-700,1606,-700,TBO,TFB,,159.78,AA0491TBOTFB,159.78,128.26,224.9134156
AA0493,630,-700,930,-700,TBO,TFB,,159.87,AA0493TBOTFB,159.87,148.68,178.4545455
AA0494,1355,-700,1641,-700,TFB,TBO,,99.24,AA0494TFBTBO,99.24,99.24,187.7272727
AA0495,800,-700,1049,-700,TBO,TFB,,197.26,AA0495TBOTFB,197.26,152.95,178.4545455
AA0498,1755,-700,2035,-700,TFB,TBO,,66.25,AA0498TFBTBO,66.25,66.25,126.6363636
AA0501,1015,-700,1252,-700,TOB,TFB,,156.02,AA0501TOBTFB,156.02,118.65,267.5066294
AA0502,650,-700,928,-700,TFB,TOB,,150.94,AA0502TFBTOB,150.94,150.94,206.5
AA0503,1200,-700,1438,-700,TOB,TFB,,180.23,AA0503TOBTFB,180.23,136.91,253.7619394
AA0504,830,-700,1108,-700,TFB,TOB,,147.07,AA0504TFBTOB,147.07,147.07,263.4536136
AA0505,1955,-700,2232,-700,TOB,TFB,,206.77,AA0505TOBTFB,206.77,202.68,168.3030303
AA0507,1507,-700,1746,-700,TOB,TFB,,154.04,AA0507TOBTFB,154.04,126.08,219.5795455
AA0508,1147,-700,1425,-700,TFB,TOB,,141.33,AA0508TFBTOB,141.33,141.33,187.7272727
AA0511,1755,-700,2037,-700,TOB,TFB,,201.07,AA0511TOBTFB,201.07,163.87,178.4545455
AA0512,1430,-700,1709,-700,TFB,TOB,,161.15,AA0512TFBTOB,161.15,161.15,126.6363636
AA0514,1635,-700,1912,-700,TFB,TOB,,133.75,AA0514TFBTOB,133.75,133.75,262.9452781
AA0515,700,-700,1000,-700,TOB,TFB,,148.68,AA0515TOBTFB,148.68,128.75,261.0692273
AA0516,1832,-700,2110,-700,TFB,TOB,,101.16,AA0516TFBTOB,101.16,101.16,178.4545455
AA0517,800,-700,1045,-700,TOB,TFB,,142.04,AA0517TOBTFB,142.04,128.13,254.8399773
AA0518,1942,-700,2219,-700,TFB,TOB,,76.57,AA0518TFBTOB,76.57,76.57,164.8181818
AA0520,1540,-700,1800,-700,TFB,CVS,,98.11,AA0520TFBCVS,98.11,98.11,242.3360909
AA0521,1845,-700,2115,-700,CVS,TFB,,190.68,AA0521CVSTFB,190.68,171.07,183.0909091
AA0522,810,-700,1031,-700,TFB,CVS,,190.22,AA0522TFBCVS,190.22,190.22,212.0681818
AA0524,1835,-700,2058,-700,TFB,CVS,,114.36,AA0524TFBCVS,114.36,114.36,216.8001558
AA0527,810,-700,1043,-700,CVS,TFB,,176.64,AA0527CVSTFB,176.64,167.19,181.8181818
AA0529,1115,-700,1346,-700,CVS,TFB,,140.02,AA0529CVSTFB,140.02,113.81,212.940028
AA0530,710,-700,940,-700,TFB,POU,,156.47,AA0530TFBPOU,156.47,156.47,175.9090909
AA0531,1755,-700,2030,-700,POU,TFB,,179.74,AA0531POUTFB,179.74,151.33,216.1692
AA0533,1025,-700,1303,-700,POU,TFB,,209.04,AA0533POUTFB,209.04,168.35,175.9090909
AA0536,2045,-700,2314,-700,TFB,POU,,70.98,AA0536TFBPOU,70.98,70.98,214.1689351
AA0538,1440,-700,1710,-700,TFB,POU,,137.48,AA0538TFBPOU,137.48,137.48,223.8787879
AA0539,630,-700,914,-700,POU,TFB,,151.83,AA0539POUTFB,151.83,103.38,268.5531558
AA0549,1510,-700,1800,-700,QTQ,TFB,,181.83,AA0549QTQTFB,181.83,168.52,161.3636364
AA0558,1145,-700,1426,-700,TFB,QTQ,,125.48,AA0558TFBQTQ,125.48,125.48,161.3636364
AA0560,655,-700,916,-700,QEY,MBY,,260.91,AA0560QEYMBY,260.91,240.34,244.0018636
AA0561,615,-700,841,-700,MBY,QEY,,147.2,AA0561MBYQEY,147.2,129.16,233.2421061
AA0562,950,-700,1215,-700,QEY,MBY,,192.41,AA0562QEYMBY,192.41,185.2,161.3636364
AA0563,800,-700,1025,-700,MBY,QEY,,205.02,AA0563MBYQEY,205.02,158.96,261.9096566
AA0564,1120,-700,1338,-700,QEY,MBY,,221.47,AA0564QEYMBY,221.47,221.47,201.3636364
AA0565,1705,-700,1923,-700,MBY,QEY,,269.93,AA0565MBYQEY,269.93,236.58,259.4845697
AA0566,2035,-700,2250,-700,QEY,MBY,,106.32,AA0566QEYMBY,106.32,106.32,254.0664606
AA0568,1730,-700,1951,-700,QEY,MBY,,161.09,AA0568QEYMBY,161.09,161.09,172.3636364
AA0569,1325,-700,1550,-700,MBY,QEY,,258.38,AA0569MBYQEY,258.38,221.74,172.3636364
AA0573,640,-700,918,-700,TBO,QEY,,148.44,AA0573TBOQEY,148.44,126.29,262.7206045
AA0574,2045,-700,2310,-700,QEY,TBO,,52.65,AA0574QEYTBO,52.65,52.65,199.6363636
AA0575,1410,-700,1642,-700,TBO,QEY,,191.34,AA0575TBOQEY,191.34,166.31,184.0131364
AA0576,640,-700,910,-700,QEY,TBO,,88.38,AA0576QEYTBO,88.38,74.37,237.9090909
AA0578,1100,-700,1326,-700,QEY,TBO,,177.32,AA0578QEYTBO,177.32,177.32,229.1986727
AA0579,1810,-700,2039,-700,TBO,QEY,,140.92,AA0579TBOQEY,140.92,124,207.8821688
AA0580,1105,-700,1331,-700,QEY,TOB,,142.66,AA0580QEYTOB,142.66,142.66,165.8181818
AA0581,645,-700,928,-700,TOB,QEY,,120.97,AA0581TOBQEY,120.97,65.8,194.1818182
AA0582,650,-700,918,-700,QEY,TOB,,130.4,AA0582QEYTOB,130.4,130.4,271.8964015
AA0583,1415,-700,1638,-700,TOB,QEY,,188.63,AA0583TOBQEY,188.63,148.37,194.1818182
AA0584,1545,-700,1813,-700,QEY,TOB,,74.82,AA0584QEYTOB,74.82,74.82,264.3294385
AA0585,1855,-700,2116,-700,TOB,QEY,,117.99,AA0585TOBQEY,117.99,117.99,235.2075606
AA0587,1000,-700,1224,-700,TOB,QEY,,155.57,AA0587TOBQEY,155.57,104.5,245.1171136
AA0590,1935,-700,2158,-700,QEY,TOB,,40.07,AA0590QEYTOB,40.07,40.07,250.1714502
AA0600,600,-700,822,-700,TFB,MBT,,99.2,AA0600TFBMBT,99.2,99.2,233.1864545
AA0603,700,-700,938,-700,MBT,TFB,,215,AA0603MBTTFB,215,154.81,194.1818182
AA0604,1110,-700,1337,-700,TFB,MBT,,140.46,AA0604TFBMBT,140.46,138.85,252.3272727
AA0605,1310,-700,1543,-700,MBT,TFB,,169.17,AA0605MBTTFB,169.17,143.3,194.1818182
AA0606,1010,-700,1230,-700,TFB,MBT,,207.72,AA0606TFBMBT,207.72,207.72,279.8422727
AA0607,1422,-700,1655,-700,MBT,TFB,,183.77,AA0607MBTTFB,183.77,166.62,259.8285027
AA0608,825,-700,1045,-700,TFB,MBT,,244.1,AA0608TFBMBT,244.1,244.1,252.0280114
AA0609,1955,-700,2230,-700,MBT,TFB,,174.67,AA0609MBTTFB,174.67,172.72,248.5617133
AA0610,1250,-700,1516,-700,TFB,MBT,,123.19,AA0610TFBMBT,123.19,123.19,194.1818182
AA0611,1600,-700,1833,-700,MBT,TFB,,229.26,AA0611MBTTFB,229.26,175.29,245.3409091
AA0612,1400,-700,1624,-700,TFB,MBT,,140.23,AA0612TFBMBT,140.23,140.23,202.7272727
AA0613,2155,-700,26,-700,MBT,TFB,,156.61,AA0613MBTTFB,156.61,156.61,194.1818182
AA0614,2055,-700,2314,-700,TFB,MBT,,35.78,AA0614TFBMBT,35.78,35.78,194.1818182
AA0615,1710,-700,1950,-700,MBT,TFB,,236.23,AA0615MBTTFB,236.23,192.32,237.8231551
AA0618,1845,-700,2106,-700,TFB,MBT,,64.1,AA0618TFBMBT,64.1,64.1,182.4545455
AA0619,910,-700,1148,-700,MBT,TFB,,186.73,AA0619MBTTFB,186.73,151.06,202.7272727
AA0620,1740,-700,1950,-700,QEY,MBT,,95.97,AA0620QEYMBT,95.97,95.97,295.5110076
AA0621,2035,-700,2249,-700,MBT,QEY,,148.51,AA0621MBTQEY,148.51,148.51,202.7272727
AA0622,1320,-700,1531,-700,QEY,MBT,,172.25,AA0622QEYMBT,172.25,172.25,269.4217413
AA0623,1615,-700,1832,-700,MBT,QEY,,161.75,AA0623MBTQEY,161.75,142.81,202.7272727
AA0625,1220,-700,1440,-700,MBT,QEY,,150.21,AA0625MBTQEY,150.21,118.77,269.7962841
AA0626,925,-700,1135,-700,QEY,MBT,,157.54,AA0626QEYMBT,157.54,157.54,281.5034318
AA0628,1000,-700,1225,-700,CMJ,MBT,,247.4,AA0628CMJMBT,247.4,247.4,202.7272727
AA0629,715,-700,935,-700,MBT,QEY,,211.62,AA0629MBTQEY,211.62,156.89,238.6818182
AA0630,1035,-700,1322,-700,TFB,QIY,,127.57,AA0630TFBQIY,127.57,127.57,276.9712626
AA0631,612,-700,910,-700,QIY,TFB,,181.17,AA0631QIYTFB,181.17,103.52,202.7272727
AA0632,730,-700,1015,-700,TFB,QIY,,175.19,AA0632TFBQIY,175.19,175.19,261.7421394
AA0633,1410,-700,1704,-700,QIY,TFB,,217.24,AA0633QIYTFB,217.24,166.84,202.7272727
AA0634,640,-700,918,-700,QEY,QIY,,96.27,AA0634QEYQIY,96.27,96.27,261.6313007
AA0635,1600,-700,1855,-700,QIY,TFB,,271.31,AA0635QIYTFB,271.31,214.57,198.4545455
AA0636,1218,-700,1513,-700,TFB,QIY,,81.09,AA0636TFBQIY,81.09,81.09,230.2453766
AA0637,1855,-700,2155,-700,QIY,TFB,,161.09,AA0637QIYTFB,161.09,123.3,198.4545455
AA0638,1515,-700,1806,-700,TFB,QIY,,85.2,AA0638TFBQIY,85.2,85.2,260.3636364
AA0641,1545,-700,1848,-700,UVT,TFB,,159.13,AA0641UVTTFB,159.13,153.2,273.7626116
AA0642,1925,-700,2212,-700,TFB,QIY,,52.41,AA0642TFBQIY,52.41,52.41,198.4545455
AA0645,1105,-700,1405,-700,QIY,TFB,,154.62,AA0645QIYTFB,154.62,111.14,255.6696591
AA0646,1645,-700,1911,-700,CMJ,MBT,,106.69,AA0646CMJMBT,106.69,106.69,198.4545455
AA0647,1315,-700,1555,-700,MBT,CMJ,,211.64,AA0647MBTCMJ,211.64,209.29,198.4545455
AA0648,1150,-700,1444,-700,TFB,UVT,,114.62,AA0648TFBUVT,114.62,114.62,234.8580364
AA0649,1135,-700,1415,-700,MBT,CMJ,,217.29,AA0649MBTCMJ,217.29,210.32,198.4545455
AA0650,1340,-700,1615,-700,QEY,QIY,,101.29,AA0650QEYQIY,101.29,101.29,227.3601364
AA0657,1705,-700,1948,-700,QIY,QEY,,203.98,AA0657QIYQEY,203.98,132.58,198.4545455
AA0659,1005,-700,1249,-700,QIY,QEY,,187.83,AA0659QIYQEY,187.83,117.51,183.0909091
AA0660,1230,-700,1822,-500,TFB,EGX,,184.81,AA0660TFBEGX,184.81,184.81,243.4209091
AA0661,1400,-500,1613,-700,EGX,TFB,,196.98,AA0661EGXTFB,196.98,134.01,183.0909091
AA0663,1912,-500,2130,-700,EGX,TFB,,120.13,AA0663EGXTFB,120.13,95.02,183.0909091
AA0664,1810,-700,2356,-500,TFB,EGX,,50.11,AA0664TFBEGX,50.11,50.11,254.2944156
AA0665,700,-500,912,-700,EGX,TFB,,164.75,AA0665EGXTFB,164.75,113.33,238.8161653
AA0668,1125,-700,1717,-500,TFB,BVT,,216.8,AA0668TFBBVT,216.8,216.8,185.9090909
AA0670,715,-700,1305,-500,TFB,EGX,,128.26,AA0670TFBEGX,128.26,128.26,236.4962323
AA0671,1810,-500,2030,-700,BVT,TFB,,191.08,AA0671BVTTFB,191.08,180.25,260.0363
AA0672,1245,-700,1620,-600,TFB,EFO,,174.76,AA0672TFBEFO,174.76,174.76,185.9090909
AA0673,1710,-600,1902,-700,EFO,TFB,,177.12,AA0673EFOTFB,177.12,142.65,185.9090909
AA0676,735,-700,1110,-600,TFB,EFO,,223.83,AA0676TFBEFO,223.83,223.83,232.2068824
AA0678,1750,-700,2122,-600,TFB,EFO,,95.31,AA0678TFBEFO,95.31,95.31,233.6058727
AA0679,1200,-600,1350,-700,EFO,TFB,,206.97,AA0679EFOTFB,206.97,171.46,187.7272727
AA0683,1715,-500,1938,-700,PSE,QEY,,169.1,AA0683PSEQEY,169.1,136.22,233.0395636
AA0685,800,-600,951,-700,EFO,TFB,,186,AA0685EFOTFB,186,148.87,214.1111111
AA0686,1020,-700,1622,-500,QEY,PSE,,144.21,AA0686QEYPSE,144.21,144.21,225.2272727
AA0690,1200,-700,1258,-700,TFB,HFH,,43.31,AA0690TFBHFH,43.31,43.31,215.0340909
AA0691,1340,-700,1440,-700,HFH,TFB,,93.39,AA0691HFHTFB,93.39,47.42,183.2727273
AA0693,800,-700,902,-700,HFH,TFB,,146.55,AA0693HFHTFB,146.55,72.42,211.7575758
AA0694,2000,-700,2056,-700,TFB,HFH,,46.98,AA0694TFBHFH,46.98,46.98,183.2727273
AA0698,2300,-700,2358,-700,TFB,HFH,,34.06,AA0698TFBHFH,34.06,34.06,183.2727273
AA0699,600,-700,704,-700,HFH,TFB,,138.56,AA0699HFHTFB,138.56,70.98,223.4646465
AA0703,1430,-700,1722,-700,MBY,ZWS,,159.35,AA0703MBYZWS,159.35,159.35,249.1567662
AA0704,1320,-700,1612,-700,ZWS,MBY,,120.94,AA0704ZWSMBY,120.94,120.61,189.9090909
AA0706,1815,-700,2105,-700,ZWS,MBY,,128.14,AA0706ZWSMBY,128.14,127.52,261.1853182
AA0707,2100,-700,2359,-700,MBY,ZWS,,62.69,AA0707MBYZWS,62.69,62.69,228.4083939
AA0708,620,-700,910,-700,ZWS,MBY,,80.4,AA0708ZWSMBY,80.4,54.03,189.9090909
AA0709,930,-700,1222,-700,MBY,ZWS,,214.81,AA0709MBYZWS,214.81,214.81,268.0016136
AA0711,1840,-700,2142,-700,MBY,ZWS,,102.41,AA0711MBYZWS,102.41,102.41,209
AA0712,840,-700,1135,-700,ZWS,MBY,,111.6,AA0712ZWSMBY,111.6,102.87,217.7785051
AA0730,1140,-700,1755,-500,TFB,JBI,,294.03,AA0730TFBJBI,156.84,156.84,209
AA0730,620,-800,1045,-700,BOD,TFB,,294.03,AA0730BODTFB,116.19,68.21,224.3285065
AA0731,2220,-700,50,-800,TFB,BOD,,243.98,AA0731TFBBOD,49.83,49.83,209
AA0731,1845,-500,2125,-700,JBI,TFB,,243.98,AA0731JBITFB,175.52,161.51,203.1818182
AA0742,915,-700,1700,-400,TFB,BUM,,214.35,AA0742TFBBUM,214.35,214.35,209.0194909
AA0743,1800,-400,2024,-700,BUM,TFB,,199.95,AA0743BUMTFB,199.95,186,209
AA0754,1135,-700,1720,-500,TFB,TUM,,201.71,AA0754TFBTUM,201.71,201.71,169.0909091
AA0755,1810,-500,2028,-700,TUM,TFB,,198.92,AA0755TUMTFB,198.92,192.78,241.285474
AA0758,1045,-700,1615,-500,TFB,NDJ,,135.53,AA0758TFBNDJ,135.53,135.53,175.2727273
AA0759,1705,-500,1900,-700,NDJ,TFB,,179.2,AA0759NDJTFB,179.2,148.04,259.3859432
AA0809,835,-700,1127,-1000,QEY,PHH,,152.77,AA0809QEYPHH,152.77,152.77,169.0909091
AA0810,1100,-1000,1943,-700,LPB,TFB,,199.49,AA0810LPBTFB,199.49,173.55,210.4444444
AA0812,1500,-1000,2259,-700,PHH,TKD,,159.07,AA0812PHHTKD,159.07,159.07,169.0909091
AA0820,1800,-700,1950,-700,TNG,TFB,,281.76,AA0820TNGTFB,105.16,75.54,233.2272727
AA0820,900,-1000,1703,-700,PHH,TNG,,281.76,AA0820PHHTNG,119.86,82.95,169.0909091
AA0821,1915,-700,2138,-1000,TNG,PHH,,223.47,AA0821TNGPHH,113.71,113.71,249.6813377
AA0821,1600,-700,1745,-700,TFB,TNG,,223.47,AA0821TFBTNG,87.26,87.26,169.0909091
AA0823,940,-700,1158,-1000,PBL,LPB,,163.82,AA0823PBLLPB,163.82,163.82,166.4545455
AA0825,705,-700,946,-1000,TBO,PHH,,165.53,AA0825TBOPHH,165.53,165.53,169.0909091
AA0828,1305,-1000,2111,-700,LPB,PBL,,193.78,AA0828LPBPBL,193.78,193.78,244.2969091
AA0830,1130,-1000,2005,-700,IOM,QEY,,212.33,AA0830IOMQEY,212.33,160.92,169.0909091
AA0835,920,-700,1145,-1000,PBL,IOM,,161.43,AA0835PBLIOM,161.43,161.43,241.3632626
AA0836,1405,-1000,2205,-700,IOM,PBL,,207.14,AA0836IOMPBL,207.14,207.14,161.6363636
AA0837,950,-700,1215,-1000,TKD,IOM,,153.76,AA0837TKDIOM,153.76,153.76,158.9090909
AA0838,1245,-1000,2045,-700,IOM,TKD,,182.93,AA0838IOMTKD,182.93,182.93,161.6363636
AA0841,810,-700,1026,-1000,PBL,PHH,,170.23,AA0841PBLPHH,170.23,170.23,210.4285714
AA0843,1020,-700,1330,-1000,TFB,LPB,,138.98,AA0843TFBLPB,138.98,138.98,195.8090909
AA0845,1545,-700,1845,-1000,CMJ,IOM,,131.06,AA0845CMJIOM,131.06,131.06,161.6363636
AA0846,1230,-1000,2047,-700,MJI,PBL,,185.24,AA0846MJIPBL,185.24,185.24,163.0909091
AA0848,1345,-1000,2152,-700,MJI,TKD,,151.37,AA0848MJITKD,151.37,151.37,204.2727273
AA0850,1230,-1000,2031,-700,PHH,PBL,,153.58,AA0850PHHPBL,153.58,153.58,187.5454545
AA0851,1110,-700,1418,-1000,TFB,IOM,,196.82,AA0851TFBIOM,196.82,196.82,288.7548485
AA0852,1314,-1000,2200,-700,IOM,TFB,,240.5,AA0852IOMTFB,240.5,219.22,187.5454545
AA0854,1050,-1000,1925,-700,MJI,TFB,,211.87,AA0854MJITFB,211.87,150.89,257.4621212
AA0858,1130,-1000,2003,-700,PHH,TFB,,320.41,AA0858PHHTFB,320.41,263.11,191.1818182
AA0859,1850,-700,2156,-1000,TFB,IOM,,129.17,AA0859TFBIOM,129.17,129.17,294.4628099
AA0860,2135,-1000,620,-700,IOM,TFB,,179.29,AA0860IOMTFB,179.29,179.29,187.5454545
AA0861,1105,-700,1400,-1000,QEY,PHH,,138.29,AA0861QEYPHH,138.29,138.29,237.4170248
AA0862,1050,-1000,1913,-700,PHH,QEY,,237.78,AA0862PHHQEY,237.78,198.46,187.5454545
AA0865,855,-700,1130,-1000,TKD,MJI,,113.57,AA0865TKDMJI,113.57,113.57,308
AA0867,1720,-700,2022,-1000,TFB,PHH,,113.36,AA0867TFBPHH,113.36,113.36,187.5454545
AA0870,1410,-800,1815,-1000,BOD,IOM,,154.38,AA0870BODIOM,154.38,154.38,274.7172727
AA0871,2055,-1000,500,-800,IOM,BOD,,191.84,AA0871IOMBOD,191.84,191.84,163.0909091
AA0875,935,-700,1245,-1000,TFB,MJI,,175.06,AA0875TFBMJI,175.06,175.06,163.5454545
AA0877,730,-700,1026,-1000,QEY,IOM,,123.96,AA0877QEYIOM,123.96,123.96,190.6363636
AA0878,2125,-1000,558,-700,PHH,TFB,,164.02,AA0878PHHTFB,164.02,164.02,229.1818182
AA0879,720,-700,950,-1000,PBL,MJI,,165.83,AA0879PBLMJI,165.83,165.83,191.1818182
AA0890,1345,-1000,2204,-700,PHH,TBO,,196.24,AA0890PHHTBO,196.24,196.24,238.2204621
AA0891,1000,-700,1304,-1000,TBO,IOM,,191.5,AA0891TBOIOM,191.5,191.5,221.6115702
AA0892,1520,-1000,2355,-700,IOM,TBO,,208.12,AA0892IOMTBO,208.12,208.12,242.0909091
AA0893,740,-700,959,-1000,TKD,LPB,,136.13,AA0893TKDLPB,136.13,136.13,297.2381894
AA0894,1430,-1000,2236,-700,LPB,TKD,,190.87,AA0894LPBTKD,190.87,190.87,315.8961039
AA0895,1020,-700,1245,-1000,TKD,PHH,,173.69,AA0895TKDPHH,173.69,173.69,242.0909091
AA3294,1230,-800,1530,-800,BOD,EVU,,15.44,AA3294BODEVU,15.44,15.44,342.0163802
AA3295,1615,-800,1915,-800,EVU,BOD,,37.56,AA3295EVUBOD,37.56,17.15,229.9090909
AA3296,1400,-800,1700,-800,BOD,EVU,,23.17,AA3296BODEVU,23.17,23.17,242.0909091
AA3297,1745,-800,2045,-800,EVU,BOD,,39.74,AA3297EVUBOD,39.74,39.74,346.238
AA3298,935,-800,1235,-800,BOD,EVU,,24.13,AA3298BODEVU,24.13,24.13,174.9090909
AA3299,1320,-800,1620,-800,EVU,BOD,,35.66,AA3299EVUBOD,35.66,13.71,313.8405868
AA3451,700,-700,915,-700,CVS,QEY,,84.18,AA3451CVSQEY,84.18,66.42,174.9090909
AA3452,955,-700,1200,-700,QEY,CVS,,88.67,AA3452QEYCVS,88.67,88.67,174.9090909
AA3453,1230,-700,1444,-700,CVS,QEY,,107.61,AA3453CVSQEY,107.61,99.73,278.4904621
AA3454,1415,-700,1621,-700,QEY,CVS,,69.3,AA3454QEYCVS,69.3,69.3,253.6818182
AA3455,1700,-700,1916,-700,CVS,QEY,,91.82,AA3455CVSQEY,91.82,72.17,300.4913333
AA3460,700,-700,910,-700,QEY,POU,,64.91,AA3460QEYPOU,64.91,64.91,224.8181818
AA3461,700,-700,925,-700,POU,QEY,,69.44,AA3461POUQEY,69.44,57.47,101.5454545
AA3462,1525,-700,1736,-700,QEY,POU,,93.71,AA3462QEYPOU,93.71,93.71,257.7457677
AA3463,945,-700,1159,-700,POU,QEY,,111.59,AA3463POUQEY,111.59,72.86,245.8509122
AA3464,1955,-700,2211,-700,QEY,POU,,50.74,AA3464QEYPOU,50.74,50.74,101.5454545
AA3465,1810,-700,2024,-700,POU,QEY,,85.36,AA3465POUQEY,85.36,70.45,101.5454545
AA3472,700,-700,935,-700,TFB,MHC,,102.08,AA3472TFBMHC,102.08,102.08,231.9985387
AA3473,1005,-700,1248,-700,MHC,TFB,,142.21,AA3473MHCTFB,142.21,131.56,245.6363636
AA3474,1320,-700,1600,-700,TFB,MHC,,83.54,AA3474TFBMHC,83.54,83.54,239.0909091
AA3475,1630,-700,1911,-700,MHC,TFB,,149.98,AA3475MHCTFB,149.98,142.65,239.0909091
AA3476,1640,-700,1917,-700,TFB,MHC,,55.45,AA3476TFBMHC,55.45,55.45,245.6363636
AA3477,1950,-700,2231,-700,MHC,TFB,,86.33,AA3477MHCTFB,86.33,84.74,273.3761818
AA3478,1240,-700,1500,-700,QEY,MHC,,59.39,AA3478QEYMHC,59.39,59.39,245.6363636
AA3479,1700,-700,1925,-700,MHC,QEY,,124.21,AA3479MHCQEY,124.21,88.62,245.6363636
AA3481,1335,-700,1607,-700,TCB,TFB,,97.62,AA3481TCBTFB,97.62,84.32,280.837
AA3482,1035,-700,1259,-700,TFB,TCB,,65.41,AA3482TFBTCB,65.41,65.41,389.3636364
AA3488,1950,-700,2158,-700,QEY,CVS,,62.82,AA3488QEYCVS,62.82,62.82,332.5782836
AA3490,1945,-700,2149,-700,TFB,GBU,,35.77,AA3490TFBGBU,35.77,35.77,228.9090909
AA3491,750,-700,1005,-700,GBU,TFB,,88.01,AA3491GBUTFB,88.01,79,349.8181818
BA2001,1820,-700,1900,-700,ZLN,TFB,,32.5,BA2001ZLNTFB,32.5,27.2,331.2714773
BA2002,1710,-700,1749,-700,TFB,ZLN,,93.63,BA2002TFBZLN,93.63,93.63,266.0909091
BA2011,1022,-700,1145,-700,TFB,NGS,,61.17,BA2011TFBNGS,61.17,61.17,232.7272727
BA2014,1030,-700,1120,-700,QEY,TFB,,188.64,BA2014QEYTFB,188.64,120.39,363.8718909
BA2015,1205,-700,1253,-700,TFB,QEY,,30.55,BA2015TFBQEY,30.55,24.31,224
BA2018,1130,-700,1221,-700,QEY,TFB,,136,BA2018QEYTFB,136,77.64,315.1590909
BA2019,2100,-700,2142,-700,QEY,SEN,,46.1,BA2019QEYSEN,46.1,46.1,210.5454545
BA2024,1345,-700,1433,-700,TFB,ZWS,,39.86,BA2024TFBZWS,39.86,39.86,348.5490909
BA2026,1700,-700,1747,-700,QEY,TFB,,50.16,BA2026QEYTFB,50.16,21.57,250.0909091
BA2033,1145,-700,1235,-700,ZWS,TFB,,66.47,BA2033ZWSTFB,66.47,33.27,298.1762597
BA2034,745,-700,828,-700,SEN,QEY,,109.3,BA2034SENQEY,109.3,38.99,283.1818182
BA2039,1000,-700,1051,-700,TFB,QEY,,40.8,BA2039TFBQEY,40.8,32.05,286.7198312
BA2040,1545,-700,1625,-700,FVH,QEY,,61.16,BA2040FVHQEY,61.16,10.67,267.0666136
BA2042,2000,-700,2050,-700,QEY,TFB,,30.76,BA2042QEYTFB,30.76,26.66,255.912035
BA2043,1300,-700,1350,-700,TFB,QEY,,53.88,BA2043TFBQEY,53.88,37.96,230.3636364
BA2044,1500,-700,1547,-700,QEY,TFB,,41.22,BA2044QEYTFB,41.22,14.38,172.3636364
BA2045,2000,-700,2049,-700,TFB,QEY,,26.74,BA2045TFBQEY,26.74,26.74,290.3636364
BA2046,1730,-700,1817,-700,QEY,TFB,,34.4,BA2046QEYTFB,34.4,17.85,266.5454545
BA2047,1900,-700,1949,-700,TFB,QEY,,47.95,BA2047TFBQEY,47.95,44.78,301
BA2048,700,-700,807,-700,QEY,HFH,,61.75,BA2048QEYHFH,61.75,61.49,269.0909091
BA2049,1255,-700,1407,-700,HFH,QEY,,81.53,BA2049HFHQEY,81.53,56.19,284.6604242
BA2051,1100,-700,1151,-700,TFB,QEY,,51.19,BA2051TFBQEY,51.19,26.62,279.3636364
BA2052,1830,-700,1920,-700,QEY,TFB,,35.31,BA2052QEYTFB,35.31,17.48,263.4545455
BA2055,2030,-700,2119,-700,TFB,QEY,,14.85,BA2055TFBQEY,14.85,14.85,271.0909091
BA2056,2030,-700,2120,-700,QEY,TFB,,33.97,BA2056QEYTFB,33.97,29.31,273.8181818
BA2057,1700,-700,1750,-700,TFB,QEY,,52.07,BA2057TFBQEY,52.07,42.44,275.9090909
BA2061,1600,-700,1649,-700,TFB,QEY,,51.16,BA2061TFBQEY,51.16,42.43,256
BA2064,1658,-700,1738,-700,TFB,FBU,,87.99,BA2064TFBFBU,87.99,87.99,223.1818182
BA2068,1330,-700,1419,-700,QEY,TFB,,67.03,BA2068QEYTFB,67.03,21.95,272.0147273
BA2069,1810,-700,1851,-700,FBU,TFB,,32.75,BA2069FBUTFB,32.75,22.21,277.996
BA2071,700,-700,822,-700,TKD,MBY,,77.21,BA2071TKDMBY,77.21,73.34,261.3636364
BA2076,1755,-700,1915,-700,MBY,TKD,,78.94,BA2076MBYTKD,78.94,76.97,254.2727273
BA2077,1946,-700,2109,-700,TKD,MBY,,51.65,BA2077TKDMBY,51.65,51.65,267.2026545
BA2078,2150,-700,2311,-700,MBY,TKD,,75.93,BA2078MBYTKD,75.93,75.93,291.2045273
BA2079,1430,-700,1529,-700,BMX,TFB,,40.28,BA2079BMXTFB,40.28,40.28,286.598404
BA2081,1156,-700,1235,-700,QEY,FVH,,30.77,BA2081QEYFVH,30.77,30.77,254.2727273
BA2082,1554,-700,1635,-700,SEN,QEY,,46.01,BA2082SENQEY,46.01,19.6,248.4545455
BA2083,1440,-700,1524,-700,QEY,SEN,,25.51,BA2083QEYSEN,25.51,25.51,250.0909091
BA2086,1955,-700,2049,-700,TFB,BMX,,38.65,BA2086TFBBMX,38.65,38.65,263.5151136
BA2087,650,-700,749,-700,BMX,TFB,,76.33,BA2087BMXTFB,76.33,76.33,285.4545455
BA2091,2100,-700,2159,-700,QEY,NGS,,56.34,BA2091QEYNGS,56.34,56.34,230.3636364
BA2092,630,-700,719,-700,QEY,TFB,,261.5,BA2092QEYTFB,188.57,92.85,305.7272727
BA2092,500,-700,558,-700,NGS,QEY,,261.5,BA2092NGSQEY,59.66,42.42,296.8181818
BA2093,1725,-700,1824,-700,QEY,NGS,,60.92,BA2093QEYNGS,60.92,60.92,251.8181818
BA2094,1855,-700,1954,-700,NGS,QEY,,69.95,BA2094NGSQEY,69.95,55.29,257.2727273
BA2095,1230,-700,1329,-700,QEY,NGS,,61.41,BA2095QEYNGS,61.41,61.41,220.6363636
BA2096,1300,-700,1359,-700,TFB,BMX,,40.01,BA2096TFBBMX,40.01,40.01,281.742
BA2098,1400,-700,1457,-700,NGS,QEY,,67.57,BA2098NGSQEY,67.57,49.58,288.0909091
BA2100,2240,-700,2328,-700,TFB,QTD,,51.09,BA2100TFBQTD,51.09,51.09,292
BA2101,600,-700,652,-700,QTD,TFB,,94.5,BA2101QTDTFB,94.5,54.51,279.0909091
BA2102,745,-700,835,-700,TFB,QTD,,36.89,BA2102TFBQTD,36.89,36.89,280.8181818
BA2103,905,-700,957,-700,QTD,TFB,,126.29,BA2103QTDTFB,126.29,87.56,272.4545455
BA2104,1005,-700,1055,-700,TFB,QTD,,24.38,BA2104TFBQTD,24.38,24.38,277.1818182
BA2105,1125,-700,1217,-700,QTD,TFB,,94.18,BA2105QTDTFB,94.18,45.57,407.6912848
BA2106,1335,-700,1428,-700,TFB,QTD,,75.08,BA2106TFBQTD,75.08,75.08,351.4527338
BA2107,1500,-700,1552,-700,QTD,TFB,,44.59,BA2107QTDTFB,44.59,31.13,268.9090909
BA2108,1610,-700,1700,-700,TFB,QTD,,56.4,BA2108TFBQTD,56.4,56.4,408.4545455
BA2109,1730,-700,1822,-700,QTD,TFB,,46.58,BA2109QTDTFB,46.58,25.6,268.9090909
BA2110,1835,-700,1924,-700,TFB,QTD,,36.39,BA2110TFBQTD,36.39,36.39,263.6363636
BA2111,1955,-700,2046,-700,QTD,TFB,,20.63,BA2111QTDTFB,20.63,18.09,268.9090909
BA2114,2038,-700,2323,-600,TFB,ZZD,,31.65,BA2114TFBZZD,31.65,31.65,408.4545455
BA2115,630,-600,719,-700,ZZD,TFB,,35.47,BA2115ZZDTFB,35.47,32.47,209.5678182
BA2116,910,-700,1156,-600,TFB,ZZD,,56.07,BA2116TFBZZD,56.07,56.07,194.5454545
BA2117,1240,-600,1328,-700,ZZD,TFB,,43.83,BA2117ZZDTFB,43.83,36.52,203.8800455
BA2118,1420,-700,1705,-600,TFB,ZZD,,48.57,BA2118TFBZZD,48.57,48.57,194.5454545
BA2119,1745,-600,1834,-700,ZZD,TFB,,29.91,BA2119ZZDTFB,29.91,28.56,229.7703377
BA2121,730,-700,821,-700,TFB,QEY,,71.57,BA2121TFBQEY,71.57,46.84,191.4545455
BA2129,800,-700,850,-700,TFB,QEY,,49.83,BA2129TFBQEY,49.83,26.74,213.534
BA2130,1900,-700,1950,-700,QEY,TFB,,31.09,BA2130QEYTFB,31.09,12.96,191.4545455
BA2132,1600,-700,1649,-700,QEY,TFB,,58.13,BA2132QEYTFB,58.13,25.57,207.3675114
BA2133,1540,-600,1611,-700,CPJ,TFB,,65.41,BA2133CPJTFB,65.41,49.32,191.4545455
BA2134,2255,-700,2336,-700,TFB,FBU,,45.51,BA2134TFBFBU,45.51,45.51,234.8643506
BA2135,2130,-700,2217,-700,TFB,QEY,,27.5,BA2135TFBQEY,27.5,27.5,188.1543636
BA2136,710,-700,933,-600,TFB,CPJ,,112.56,BA2136TFBCPJ,112.56,112.56,204.2121212
BA2138,2100,-700,2159,-700,TFB,HFH,,23.58,BA2138TFBHFH,23.58,23.58,188.1543636
BA2140,1633,-700,1900,-600,TFB,CPJ,,50.18,BA2140TFBCPJ,50.18,50.18,193.3636364
BA2142,1740,-700,2007,-600,TFB,CPJ,,20.06,BA2142TFBCPJ,20.06,20.06,188.1543636
BA2148,1240,-700,1510,-600,TFB,CPJ,,71.8,BA2148TFBCPJ,71.8,71.8,225.9090909
BA2151,1500,-700,1551,-700,TFB,QEY,,58.85,BA2151TFBQEY,58.85,56.69,156.0909091
BA2155,600,-700,641,-700,FBU,TFB,,77.95,BA2155FBUTFB,77.95,66.47,182.8909091
BA2158,950,-700,1029,-700,TFB,FBU,,19.94,BA2158TFBFBU,19.94,19.94,216.1638485
BA2159,1105,-700,1149,-700,FBU,TFB,,64.2,BA2159FBUTFB,64.2,51.17,226.351
BA2162,1630,-700,1719,-700,QEY,TFB,,35.18,BA2162QEYTFB,35.18,14.69,194.5454545
BA2167,1205,-700,1329,-700,TKD,QTQ,,193.87,BA2167TKDQTQ,23.36,23.36,192
BA2167,920,-700,1128,-700,QEY,TKD,,193.87,BA2167QEYTKD,138.15,138.15,292.8689091
BA2168,1620,-700,1821,-700,TKD,QEY,,160.06,BA2168TKDQEY,58.38,48.85,192.1363636
BA2168,1405,-700,1541,-700,QTQ,TKD,,160.06,BA2168QTQTKD,48.41,47.59,79.81818182
BA2170,1430,-700,1519,-700,QEY,TFB,,47.67,BA2170QEYTFB,47.67,26.92,125.6363636
BA2172,930,-700,1019,-700,QEY,TFB,,169.76,BA2172QEYTFB,169.76,116.3,219.7579545
BA2174,2130,-700,2221,-700,QEY,TFB,,17.24,BA2174QEYTFB,17.24,16.57,139.5064935
BA2175,2300,-700,2345,-700,TFB,QEY,,27.54,BA2175TFBQEY,27.54,27.54,218.0440424
BA2179,1725,-700,1824,-700,TFB,SEN,,42.89,BA2179TFBSEN,42.89,42.89,84.45454545
BA2181,1400,-700,1452,-700,TFB,QEY,,34.41,BA2181TFBQEY,34.41,21.75,135.8181818
BA2192,1800,-700,1858,-700,TFB,HFH,,38.24,BA2192TFBHFH,38.24,38.24,217.2651866
BA2193,1930,-700,2034,-700,HFH,TFB,,49.92,BA2193HFHTFB,49.92,37.63,264.3026434
BA2196,1537,-700,1648,-700,MBY,NNI,,38.15,BA2196MBYNNI,38.15,38.15,192.7090909
BA2199,1718,-700,1832,-700,NNI,MBY,,47.52,BA2199NNIMBY,47.52,47.52,157.6563864
BA2202,945,-700,1023,-700,TFB,ZLN,,19.43,BA2202TFBZLN,19.43,19.43,222.6372208
BA2203,1055,-700,1137,-700,ZLN,TFB,,77.81,BA2203ZLNTFB,77.81,66.23,186.3167792
BA2204,2300,-700,2353,-700,TFB,ZWS,,25.06,BA2204TFBZWS,25.06,25.06,154.8842975
BA2207,600,-700,640,-700,ZLN,TFB,,108.99,BA2207ZLNTFB,108.99,100.1,184.7782929
BA2208,2255,-700,2335,-700,TFB,ZLN,,51.89,BA2208TFBZLN,51.89,51.89,93.72727273
BA2213,1755,-700,1902,-700,QVX,TFB,,32.88,BA2213QVXTFB,32.88,29.15,206.6361888
BA2214,2216,-700,2317,-700,TFB,QVX,,36.86,BA2214TFBQVX,22.89,22.89,126.6909091
BA2214,2337,-700,2358,-700,QVX,MXT,,36.86,BA2214QVXMXT,0,0,151.3915
BA2215,600,-700,622,-700,MXT,QVX,,207.14,BA2215MXTQVX,1,1,207.6629161
BA2215,645,-700,753,-700,QVX,TFB,,207.14,BA2215QVXTFB,149.61,134.33,166.5100114
BA2216,945,-700,1050,-700,TFB,QVX,,17.69,BA2216TFBQVX,17.69,17.69,190.7820455
BA2217,1420,-700,1524,-700,TFB,MXT,,73.83,BA2217TFBMXT,42.02,42.02,93.72727273
BA2217,1555,-700,1745,-600,MXT,CPJ,,73.83,BA2217MXTCPJ,24.23,24.23,191.3727614
BA2218,1845,-700,1955,-700,MXT,TFB,,65.07,BA2218MXTTFB,25.09,20.76,174.0909091
BA2218,1823,-600,1815,-700,CPJ,MXT,,65.07,BA2218CPJMXT,28.35,28.35,173.7727273
BA2219,1120,-700,1228,-700,QVX,TFB,,64.37,BA2219QVXTFB,64.37,51.44,76.90909091
BA2220,1620,-700,1725,-700,TFB,QVX,,37.82,BA2220TFBQVX,37.82,37.82,199.5173955
BA2222,1155,-700,1259,-700,SEN,TFB,,81.02,BA2222SENTFB,81.02,41.34,205.7854091
BA2223,1536,-700,1753,-600,QEY,CPJ,,70.52,BA2223QEYCPJ,70.52,68.32,200.3636364
BA2225,1900,-700,2004,-700,HFH,TFB,,38.93,BA2225HFHTFB,38.93,22.59,165.1363636
BA2227,620,-700,710,-700,ZWS,TFB,,44.4,BA2227ZWSTFB,44.4,27.69,107.5454545
BA2231,1630,-600,1700,-700,CPJ,TFB,,63.44,BA2231CPJTFB,63.44,35.8,107.7272727
BA2232,2140,-700,2250,-700,QEY,ZWS,,15.77,BA2232QEYZWS,15.77,15.77,90.09090909
BA2233,1635,-700,1726,-700,ZWS,TFB,,40.22,BA2233ZWSTFB,40.22,16.35,84.90909091
BA2234,1000,-700,1100,-700,TFB,HFH,,27.32,BA2234TFBHFH,27.32,27.32,205.2636364
BA2235,1130,-700,1234,-700,HFH,TFB,,116.02,BA2235HFHTFB,116.02,60.44,84.45454545
BA2236,1310,-700,1350,-700,SEN,QEY,,43.91,BA2236SENQEY,43.91,21.88,91.81818182
BA2237,1250,-600,1321,-700,CPJ,TFB,,115.44,BA2237CPJTFB,115.44,81.63,90.09090909
BA2239,1930,-600,2003,-700,CPJ,TFB,,40.83,BA2239CPJTFB,40.83,31.38,97.54545455
BA2241,1530,-700,1634,-700,HFH,TFB,,71.04,BA2241HFHTFB,71.04,42.62,183.2595051
BA2242,1845,-700,1933,-700,TFB,ZWS,,45.63,BA2242TFBZWS,45.63,45.63,146.452
BA2243,2009,-700,2100,-700,ZWS,TFB,,30.88,BA2243ZWSTFB,30.88,28.36,208.9646667
BA2246,730,-700,822,-700,QEY,TFB,,188.37,BA2246QEYTFB,188.37,106.17,97.54545455
BA2248,1700,-700,1759,-700,TFB,HFH,,39.26,BA2248TFBHFH,39.26,39.26,216.6215455
BA2249,1830,-700,1937,-700,HFH,TFB,,45.76,BA2249HFHTFB,45.76,26.57,97.54545455
BA2250,705,-700,910,-700,SOP,TFB,,106.27,BA2250SOPTFB,106.27,84.34,91.81818182
BA2255,1915,-700,2112,-700,TFB,SOP,,41.44,BA2255TFBSOP,41.44,41.44,177.5734167
BA2259,1500,-700,1700,-700,TFB,SOP,,72.62,BA2259TFBSOP,72.62,72.62,100.1818182
BA2264,720,-700,812,-700,TFB,ZWS,,17.4,BA2264TFBZWS,17.4,17.4,210.8294545
BA2265,850,-700,940,-700,ZWS,TFB,,98.52,BA2265ZWSTFB,98.52,68.38,100.1818182
BA2266,1045,-700,1137,-700,TFB,ZWS,,38.92,BA2266TFBZWS,38.92,38.92,231.6293706
BA2267,1230,-700,1321,-700,ZWS,TFB,,37.22,BA2267ZWSTFB,37.22,19.08,100.1818182
BA2268,2130,-700,2354,-600,TFB,CPJ,,47.1,BA2268TFBCPJ,47.1,47.1,230.6688312
BA2269,645,-600,721,-700,CPJ,TFB,,148.29,BA2269CPJTFB,148.29,127.12,100.1818182
BA2270,1900,-700,1959,-700,TFB,HFH,,38.51,BA2270TFBHFH,38.51,38.51,212.2307692
BA2273,1025,-700,1123,-700,TFB,SEN,,44.1,BA2273TFBSEN,44.1,43.12,100.1818182
BA2278,1855,-700,1958,-700,SEN,TFB,,27.97,BA2278SENTFB,27.97,21.9,204.4332479
BA2280,650,-700,752,-700,FVH,TFB,,87.47,BA2280FVHTFB,87.47,45.59,100.1818182
BA2281,2255,-700,2355,-700,TFB,FVH,,37.12,BA2281TFBFVH,37.12,37.12,190.1363636
BA2284,1325,-700,1550,-600,TFB,GDB,,64.97,BA2284TFBGDB,64.97,64.97,173.7272727
BA2285,1620,-600,1650,-700,GDB,TFB,,54.7,BA2285GDBTFB,54.7,39.61,278.0417576
BA2288,2135,-700,2356,-600,TFB,GDB,,50.48,BA2288TFBGDB,50.48,50.48,173.7272727
BA2289,600,-600,630,-700,GDB,TFB,,66.2,BA2289GDBTFB,66.2,53.22,334.8614182
BA2294,605,-700,708,-700,SEN,TFB,,98.53,BA2294SENTFB,98.53,59.04,173.7272727
BA2295,825,-700,927,-700,TFB,FVH,,34.56,BA2295TFBFVH,34.56,33.93,337.6363636
BA2296,1000,-700,1106,-700,FVH,TFB,,145.13,BA2296FVHTFB,145.13,66.32,167.3636364
BA2297,2225,-700,2326,-700,TFB,SEN,,30.99,BA2297TFBSEN,30.99,30.99,171.6363636
BA2298,1854,-700,1957,-700,FVH,TFB,,36.43,BA2298FVHTFB,36.43,20.55,184.9567902
BA2299,1720,-700,1822,-700,TFB,FVH,,50.67,BA2299TFBFVH,50.67,50.67,194.3081053
BA2301,1830,-600,1850,-700,CPJ,QEY,,63.44,BA2301CPJQEY,63.44,49.69,227.6821818
BA2302,2045,-700,2351,-600,TFB,CJM,,47.59,BA2302TFBCJM,47.59,47.59,76.90909091
BA2311,635,-700,855,-600,QEY,CPJ,,61.52,BA2311QEYCPJ,61.52,60.36,93.72727273
BA2314,1510,-700,1559,-700,TFB,ZWS,,27.07,BA2314TFBZWS,27.07,27.07,115.4545455
BA2321,620,-600,651,-600,IMO,HUG,,47.45,BA2321IMOHUG,0,0,101.5454545
BA2321,715,-600,806,-700,HUG,TFB,,47.45,BA2321HUGTFB,24.28,19.55,115.4545455
BA2324,2025,-700,2306,-600,TFB,HUG,,57.51,BA2324TFBHUG,41.63,41.63,115.4545455
BA2324,2326,-600,2357,-600,HUG,IMO,,57.51,BA2324HUGIMO,0,0,115.4545455
BA2325,1156,-700,1236,-700,QEY,SEN,,41.1,BA2325QEYSEN,41.1,41.1,109.6818182
BA2326,1530,-600,1620,-700,IMO,TFB,,120.57,BA2326IMOTFB,44.6,25.3,220.2317636
BA2326,1115,-700,1357,-600,TFB,HUG,,120.57,BA2326TFBHUG,39.54,39.54,76.90909091
BA2326,1427,-600,1456,-600,HUG,IMO,,120.57,BA2326HUGIMO,0.99,0.99,205.030303
BA2327,1030,-700,1135,-700,HFH,TFB,,113.28,BA2327HFHTFB,113.28,69.87,210.7927386
BA2328,930,-700,1029,-700,NGS,QEY,,89.28,BA2328NGSQEY,89.28,56.17,207.1031818
BA2329,800,-700,859,-700,QEY,NGS,,62.07,BA2329QEYNGS,62.07,62.07,165.8181818
BA2331,1230,-700,1334,-700,HFH,TFB,,103.71,BA2331HFHTFB,103.71,43.82,131.0909091
BA2332,1100,-700,1200,-700,TFB,HFH,,23.81,BA2332TFBHFH,23.81,23.81,227.7831591
BA2338,520,-700,600,-700,FVH,QEY,,107.09,BA2338FVHQEY,107.09,34.57,153.2727273
BA2339,2040,-700,2117,-700,QEY,FVH,,31.94,BA2339QEYFVH,31.94,31.94,177.3409091
BA2340,2135,-700,2359,-600,TFB,NTP,,36.22,BA2340TFBNTP,36.22,36.22,170.685487
BA2347,700,-600,730,-700,NTP,TFB,,132.23,BA2347NTPTFB,132.23,112.9,202.740508
BA2348,1030,-700,1255,-600,TFB,NTP,,64.09,BA2348TFBNTP,64.09,64.09,176.2121212
BA2349,1325,-600,1354,-700,NTP,TFB,,97.6,BA2349NTPTFB,97.6,80.93,93.72727273
BA2350,1115,-700,1225,-700,QEY,HFH,,36.36,BA2350QEYHFH,36.36,36.36,110.5454545
BA2351,610,-700,725,-700,HFH,QEY,,105.16,BA2351HFHQEY,105.16,84.9,163.4285714
BA2352,900,-700,1007,-700,QEY,HFH,,42.21,BA2352QEYHFH,42.21,41.54,101.5454545
BA2353,840,-700,953,-700,HFH,QEY,,108.92,BA2353HFHQEY,108.92,72.33,234.0826494
BA2354,1350,-700,1456,-700,QEY,HFH,,56.79,BA2354QEYHFH,56.79,56.79,107.4545455
BA2355,1526,-700,1639,-700,HFH,QEY,,81.17,BA2355HFHQEY,81.17,63.6,103.9090909
BA2356,1715,-700,1825,-700,QEY,HFH,,40.7,BA2356QEYHFH,40.7,40.7,79.81818182
BA2357,1855,-700,2008,-700,HFH,QEY,,60.85,BA2357HFHQEY,60.85,56.53,197.7272727
BA2358,2100,-700,2208,-700,QEY,HFH,,37.59,BA2358QEYHFH,37.59,37.59,135.8181818
BA2359,1040,-700,1153,-700,HFH,QEY,,92.54,BA2359HFHQEY,92.54,62.76,197.7272727
BA2363,1735,-600,1810,-700,CPJ,TFB,,51.56,BA2363CPJTFB,51.56,34.58,79.81818182
BA2368,1815,-700,2042,-600,TFB,CPJ,,48.57,BA2368TFBCPJ,48.57,48.57,230.7508182
BA2369,830,-700,934,-700,HFH,TFB,,97.1,BA2369HFHTFB,97.1,46.27,21.81403636
BA2370,1440,-700,1641,-700,TKD,QEY,,65.27,BA2370TKDQEY,65.27,58.92,127.1818182
BA2371,500,-700,604,-700,HFH,TFB,,122.8,BA2371HFHTFB,122.8,47.66,117.4545455
BA2372,700,-700,800,-700,TFB,HFH,,63.96,BA2372TFBHFH,63.96,63.96,33.36523636
BA2377,1205,-700,1409,-700,QEY,TKD,,49.44,BA2377QEYTKD,49.44,49.44,240.2199091
BA2378,900,-700,1000,-700,TFB,HFH,,50.96,BA2378TFBHFH,50.96,50.96,188.7011136
BA2380,2300,-700,2342,-700,TFB,ZZK,,74.2,BA2380TFBZZK,74.2,74.2,117.4545455
BA2381,600,-700,640,-700,ZZK,TFB,,76.05,BA2381ZZKTFB,76.05,38.44,111.7272727
BA2382,745,-700,829,-700,TFB,ZZK,,18.31,BA2382TFBZZK,18.31,18.31,115.4545455
BA2383,905,-700,945,-700,ZZK,TFB,,102.06,BA2383ZZKTFB,102.06,67.91,127.1818182
BA2384,1100,-700,1145,-700,TFB,ZZK,,24,BA2384TFBZZK,24,24,97.36363636
BA2385,1220,-700,1301,-700,ZZK,TFB,,46.84,BA2385ZZKTFB,46.84,30.65,212.9090909
BA2386,1420,-700,1504,-700,TFB,ZZK,,95.05,BA2386TFBZZK,95.05,95.05,304.0798409
BA2387,1540,-700,1620,-700,ZZK,TFB,,26.39,BA2387ZZKTFB,26.39,12.75,258.6648
BA2388,1732,-700,1815,-700,TFB,ZZK,,35.37,BA2388TFBZZK,35.37,35.37,117.4545455
BA2389,1850,-700,1930,-700,ZZK,TFB,,27.97,BA2389ZZKTFB,27.97,19.94,218.9363636
BA2390,950,-700,1219,-600,TFB,CPJ,,83.61,BA2390TFBCPJ,83.61,83.61,141.9138636
BA2391,925,-600,957,-700,CPJ,TFB,,178.67,BA2391CPJTFB,178.67,152.64,228.5130165
BA2392,800,-700,900,-700,TFB,HFH,,55.28,BA2392TFBHFH,55.28,55.28,264.7583523
BA2393,930,-700,1034,-700,HFH,TFB,,134.29,BA2393HFHTFB,134.29,93.79,206.4727273
BA2396,1630,-700,1855,-600,TFB,NTP,,53.36,BA2396TFBNTP,53.36,53.36,147
BA2397,1925,-600,1954,-700,NTP,TFB,,54.64,BA2397NTPTFB,54.64,44.2,253.8619358
BA2399,2100,-600,2133,-700,CPJ,TFB,,21.47,BA2399CPJTFB,21.47,17.89,101.5454545
BA2400,1217,-700,1523,-600,TFB,CJM,,85.43,BA2400TFBCJM,85.43,85.43,240.8028696
BA2401,1558,-600,1720,-700,CJM,TFB,,79.77,BA2401CJMTFB,79.77,51.94,192.5454545
BA2403,930,-700,1052,-700,TKD,MBY,,181.44,BA2403TKDMBY,80.3,77.2,220.025974
BA2403,800,-600,855,-700,CPJ,TKD,,181.44,BA2403CPJTKD,76.81,69.97,225.3863636
BA2404,1110,-700,1352,-600,TKD,CPJ,,143.91,BA2404TKDCPJ,43.37,42.29,247.2151872
BA2404,915,-700,1035,-700,MBY,TKD,,143.91,BA2404MBYTKD,85.4,68.36,135.8181818
BA2405,1215,-600,1253,-700,CPJ,TNG,,46.47,BA2405CPJTNG,46.47,46.47,211.6583864
BA2408,1200,-700,1252,-700,TFB,ZWS,,59.42,BA2408TFBZWS,59.42,59.42,208.6408289
BA2409,1330,-700,1420,-700,ZWS,TFB,,60.54,BA2409ZWSTFB,60.54,18.47,101.5454545
BA2410,1600,-700,1700,-700,TFB,HFH,,29.3,BA2410TFBHFH,29.3,29.3,223.7516033
BA2411,1730,-700,1834,-700,HFH,TFB,,71.42,BA2411HFHTFB,71.42,42.7,255.8765455
BA2412,1323,-700,1555,-600,TNG,CPJ,,49.85,BA2412TNGCPJ,49.85,49.22,147.4545455
BA2420,2020,-700,2229,-700,MBY,NGS,,92.88,BA2420MBYNGS,92.88,92.88,147.4545455
BA2422,1005,-600,1028,-700,CPJ,QEY,,98.76,BA2422CPJQEY,98.76,68.76,135.8181818
BA2426,1435,-700,1704,-600,TFB,CPJ,,70.92,BA2426TFBCPJ,70.92,70.92,264.386987
BA2428,1215,-700,1337,-700,NGS,TFB,,74.59,BA2428NGSTFB,74.59,52.8,135.8181818
BA2429,600,-700,700,-700,ZMX,TFB,,73.98,BA2429ZMXTFB,73.98,54.38,269.2615785
BA2430,2250,-700,2354,-700,TFB,ZMX,,73.28,BA2430TFBZMX,73.28,73.28,115.4545455
BA2433,600,-600,720,-700,CJM,TFB,,73.08,BA2433CJMTFB,73.08,52.7,232.4561322
BA2435,1510,-700,1622,-700,ZWS,QEY,,65.09,BA2435ZWSQEY,65.09,38.34,101.5454545
BA2438,1400,-700,1500,-700,TFB,HFH,,33.07,BA2438TFBHFH,33.07,33.07,102.1363636
BA2441,730,-700,930,-700,TFB,SOP,,56.31,BA2441TFBSOP,56.31,56.31,223.3977273
BA2442,1000,-700,1205,-700,SOP,TFB,,110.43,BA2442SOPTFB,110.43,81.62,222.9521045
BA2444,1300,-700,1400,-700,TFB,HFH,,24.04,BA2444TFBHFH,24.04,24.04,109.3636364
BA2445,700,-700,804,-700,HFH,TFB,,117.3,BA2445HFHTFB,117.3,82.28,141.5454545
BA2448,1730,-700,1931,-700,SOP,TFB,,100.04,BA2448SOPTFB,100.04,85.36,202.9636364
BA2450,1000,-700,1110,-700,QEY,ZWS,,55.79,BA2450QEYZWS,55.79,55.79,141.5454545
BA2451,700,-700,813,-700,ZWS,QEY,,31.4,BA2451ZWSQEY,31.4,13.55,202.9636364
BA2452,600,-700,722,-700,NGS,TFB,,51.35,BA2452NGSTFB,51.35,37.41,219.2237762
BA2455,700,-600,801,-700,CAO,TFB,,82.25,BA2455CAOTFB,82.25,68.8,101.5454545
BA2459,1550,-600,1650,-700,CAO,TFB,,61.4,BA2459CAOTFB,61.4,40.85,218.3933364
BA2460,1230,-700,1519,-600,TFB,CAO,,56.44,BA2460TFBCAO,56.44,56.44,110.5454545
BA2461,2240,-700,2359,-700,TFB,NGS,,37.69,BA2461TFBNGS,37.69,37.69,271.1154773
BA2462,2025,-700,2314,-600,TFB,CAO,,36.23,BA2462TFBCAO,36.23,36.23,109.3636364
BA2467,630,-700,801,-700,TUT,MBY,,94,BA2467TUTMBY,94,94,196.9394026
BA2472,1915,-700,2049,-700,MBY,TUT,,77.66,BA2472MBYTUT,77.66,77.66,161.7272727
BA2473,955,-700,1139,-700,QEY,TUT,,199.1,BA2473QEYTUT,62.31,62.31,129.1818182
BA2473,830,-700,921,-700,TFB,QEY,,199.1,BA2473TFBQEY,35.29,23.51,135.8181818
BA2473,1212,-700,1355,-700,TUT,MBT,,199.1,BA2473TUTMBT,68.84,68.84,296
BA2474,1040,-700,1246,-700,TUT,TFB,,196,BA2474TUTTFB,100.5,96.62,61.66510909
BA2474,835,-700,1008,-700,MBY,TUT,,196,BA2474MBYTUT,71.66,71.66,257.4229091
BA2475,1550,-700,1722,-700,TUT,MBY,,200.09,BA2475TUTMBY,111.4,111.4,61.30147273
BA2475,1310,-700,1520,-700,TFB,TUT,,200.09,BA2475TFBTUT,74.55,74.55,156.6363636
BA2478,1440,-700,1640,-700,MBT,TUT,,204.24,BA2478MBTTUT,84.5,84.5,153.9090909
BA2478,1930,-700,2020,-700,QEY,TFB,,204.24,BA2478QEYTFB,13.36,9.92,84.45454545
BA2478,1710,-700,1852,-700,TUT,QEY,,204.24,BA2478TUTQEY,42.19,38.87,61.30147273
BA2479,1515,-700,1620,-700,ZMX,TFB,,46.36,BA2479ZMXTFB,46.36,30.63,248.8787879
BA2483,500,-700,536,-700,CMJ,TFB,,106.35,BA2483CMJTFB,106.35,46.91,277.1099091
BA2484,800,-700,842,-700,TFB,CMJ,,5.66,BA2484TFBCMJ,5.66,5.66,156.6363636
BA2485,915,-700,955,-700,CMJ,TFB,,149.23,BA2485CMJTFB,149.23,74.06,153.9090909
BA2486,1147,-700,1227,-700,TFB,CMJ,,39.82,BA2486TFBCMJ,39.82,38.11,213.0464364
BA2487,1257,-700,1337,-700,CMJ,TFB,,109.56,BA2487CMJTFB,109.56,31.72,187.1995051
BA2488,1355,-700,1436,-700,TFB,CMJ,,61.41,BA2488TFBCMJ,61.41,52.04,97.54545455
BA2489,1510,-700,1550,-700,CMJ,TFB,,86.95,BA2489CMJTFB,86.95,24.73,226.8305636
BA2490,1755,-700,1834,-700,TFB,CMJ,,38.47,BA2490TFBCMJ,38.47,38.47,101.5454545
BA2491,1905,-700,1943,-700,CMJ,TFB,,27.65,BA2491CMJTFB,27.65,13.04,193.4037608
BA2492,1950,-700,2028,-700,TFB,CMJ,,26.81,BA2492TFBCMJ,26.81,26.81,84.90909091
BA2493,700,-700,740,-700,CMJ,TFB,,110.57,BA2493CMJTFB,110.57,52.7,139.9090909
BA2494,2305,-700,2346,-700,TFB,CMJ,,60.67,BA2494TFBCMJ,60.67,60.67,229.9561948
BA2495,1430,-700,1534,-700,HFH,TFB,,59.25,BA2495HFHTFB,59.25,30.62,139.9090909
BA2500,910,-700,1118,-700,TGP,QEY,,89.86,BA2500TGPQEY,89.86,78.26,268.8428333
BA2502,615,-600,642,-700,CPJ,QEY,,160.99,BA2502CPJQEY,160.99,104.08,112
BA2506,1500,-700,1600,-700,TFB,HFH,,38.59,BA2506TFBHFH,38.59,38.59,222.3134026
BA2509,1630,-700,1733,-700,HFH,TFB,,82.02,BA2509HFHTFB,82.02,48.25,101.8636364
BA2513,925,-700,1144,-600,QEY,CPJ,,40.05,BA2513QEYCPJ,40.05,37.27,197.5591439
BA2514,1355,-600,1418,-700,CPJ,QEY,,36.57,BA2514CPJQEY,36.57,24.52,112
BA2517,1515,-700,1722,-700,QEY,TGP,,78.24,BA2517QEYTGP,78.24,77.91,203.8103701
BA2523,625,-700,835,-700,QEY,TGP,,97.05,BA2523QEYTGP,97.05,87.12,112
BA2526,940,-700,1123,-700,TNG,QEY,,85.26,BA2526TNGQEY,85.26,63.06,193.3134091
BA2532,1101,-700,1311,-700,GBU,QEY,,73.31,BA2532GBUQEY,73.31,59.98,112
BA2533,1615,-700,1825,-700,QEY,GBU,,43.06,BA2533QEYGBU,43.06,43.06,202.9600727
BA2534,1855,-700,2127,-700,GBU,TFB,,63.64,BA2534GBUTFB,63.64,52.65,244.2764416
BA2537,1105,-700,1324,-600,QEY,CPJ,,54.23,BA2537QEYCPJ,54.23,54.23,115.4545455
BA2538,1500,-600,1524,-700,CPJ,QEY,,32.18,BA2538CPJQEY,32.18,22.37,240.0815
BA2539,805,-700,1031,-700,TFB,GBU,,75.94,BA2539TFBGBU,75.94,75.94,223.2714
BA2541,940,-700,1123,-700,QEY,TNG,,76.93,BA2541QEYTNG,76.93,76.93,228.5221294
BA2542,945,-700,1243,-600,TFB,ZFH,,43.87,BA2542TFBZFH,43.87,43.87,101.5454545
BA2543,1323,-600,1420,-700,ZFH,TFB,,63.72,BA2543ZFHTFB,63.72,46.43,165.8181818
BA2544,530,-700,619,-700,QEY,TFB,,174.21,BA2544QEYTFB,174.21,82.33,101.5454545
BA2545,700,-700,750,-700,TFB,QEY,,58.26,BA2545TFBQEY,58.26,38.94,137.1818182
BA2546,615,-700,815,-700,TKD,QEY,,66.85,BA2546TKDQEY,66.85,59.83,269.6625
BA2563,1725,-700,1929,-700,QEY,PBL,,46.76,BA2563QEYPBL,46.76,46.76,137.1818182
BA2565,725,-700,909,-700,QEY,TNG,,101.27,BA2565QEYTNG,101.27,101.27,246.8652828
BA2570,830,-700,919,-700,QEY,TFB,,138.93,BA2570QEYTFB,138.93,78.56,137.1818182
BA2571,630,-700,839,-700,QEY,PBL,,77.76,BA2571QEYPBL,77.76,69.99,259.5165818
BA2573,1800,-700,1851,-700,TFB,QEY,,64.53,BA2573TFBQEY,64.53,46.16,137.1818182
BA2574,2000,-700,2153,-700,PBL,QEY,,28.99,BA2574PBLQEY,28.99,28.99,238.9738571
BA2576,1205,-700,1352,-700,TNG,QEY,,78.61,BA2576TNGQEY,78.61,64.39,137.1818182
BA2579,635,-600,736,-700,ZFH,TFB,,42.8,BA2579ZFHTFB,42.8,34.75,229.2223636
BA2580,2038,-700,2334,-600,TFB,ZFH,,50.61,BA2580TFBZFH,50.61,50.61,115.4545455
BA2583,1816,-600,1920,-700,ZFH,TFB,,30.95,BA2583ZFHTFB,30.95,20.88,235.0642159
BA2584,1437,-700,1734,-600,TFB,ZFH,,83.32,BA2584TFBZFH,83.32,83.32,101.5454545
BA2589,925,-700,1124,-700,QEY,PBL,,54.78,BA2589QEYPBL,54.78,54.78,223.7133434
BA2593,1955,-700,2215,-600,QEY,CPJ,,37.08,BA2593QEYCPJ,37.08,37.08,139.9090909
BA2594,1730,-700,1828,-700,TFB,HFH,,19.97,BA2594TFBHFH,19.97,19.97,252.9848485
BA2603,1000,-700,1340,-600,MBY,MBQ,,35.16,BA2603MBYMBQ,35.16,35.16,230.3090909
BA2604,1425,-600,1622,-700,MBQ,MBY,,76.11,BA2604MBQMBY,76.11,60.7,161.7272727
BA2609,1430,-700,1632,-700,QEY,PBL,,135.48,BA2609QEYPBL,55.56,55.56,220.3131313
BA2609,1311,-700,1354,-700,FVH,QEY,,135.48,BA2609FVHQEY,71.8,29.75,204.1818182
BA2610,1705,-700,1900,-700,PBL,QEY,,59.61,BA2610PBLQEY,59.61,54.82,287.969697
BA2614,1800,-700,2007,-700,TGP,QEY,,127.87,BA2614TGPQEY,127.87,120.02,183.6363636
BA2617,1930,-700,2135,-700,QEY,TKD,,42.54,BA2617QEYTKD,42.54,42.54,187.9090909
BA2618,1705,-700,1848,-700,TNG,QEY,,73.29,BA2618TNGQEY,73.29,62.46,179.1818182
BA2624,1230,-700,1320,-700,QEY,TFB,,121.94,BA2624QEYTFB,121.94,54.07,168.3939394
BA2627,1930,-700,2019,-700,TFB,QEY,,31.88,BA2627TFBQEY,31.88,27.79,170.9228182
BA2629,600,-700,650,-700,TFB,QEY,,54.64,BA2629TFBQEY,54.64,15.4,135.8181818
BA2631,630,-700,721,-700,TFB,QEY,,24.07,BA2631TFBQEY,24.07,15.29,283.297461
BA2632,1920,-700,2103,-700,TNG,QEY,,50.4,BA2632TNGQEY,50.4,47.69,101.5454545
BA2633,1450,-700,1633,-700,QEY,TNG,,73.92,BA2633QEYTNG,73.92,65.81,242.5092674
BA2634,1300,-700,1506,-700,TGP,QEY,,95.8,BA2634TGPQEY,95.8,93.46,191.5803333
BA2635,900,-700,950,-700,TFB,QEY,,162.16,BA2635TFBQEY,62.82,38.95,165.1818182
BA2635,1020,-700,1225,-700,QEY,TGP,,162.16,BA2635QEYTGP,96.15,92.15,174.2684242
BA2636,910,-700,1107,-700,PBL,QEY,,58.41,BA2636PBLQEY,58.41,50.03,115.4545455
BA2637,940,-700,1210,-700,TFB,PBL,,83.18,BA2637TFBPBL,83.18,83.18,225.2664965
BA2638,1240,-700,1500,-700,PBL,TFB,,115.16,BA2638PBLTFB,115.16,74.57,233.635026
BA2642,1530,-700,1617,-700,QEY,TFB,,50.92,BA2642QEYTFB,50.92,28.43,159.1818182
BA2644,1432,-700,1512,-700,QEY,FVH,,106.92,BA2644QEYFVH,22.36,22.36,237.9090909
BA2644,1200,-700,1354,-700,PBL,QEY,,106.92,BA2644PBLQEY,74.15,70.05,226.8396364
BA2645,1705,-700,1850,-700,QEY,TNG,,45.35,BA2645QEYTNG,45.35,41.65,101.5454545
BA2670,1335,-700,1435,-700,TFB,ZMX,,68.36,BA2670TFBZMX,68.36,68.36,147.4545455
BA2700,2016,-700,2230,-700,NGS,MBY,,146.51,BA2700NGSMBY,146.51,146.51,230.8885455
AA2701,645,-800,1243,-700,BOD,MBT,,146.51,AA2701BODMBT,146.51,146.51,101.5454545
AA2702,2355,-1000,935,-700,IOM,CMJ,,146.51,AA2702IOMCMJ,146.51,146.51,236.8055455
